<?xml version="1.0" encoding="UTF-8"?>
<beans xmlns="http://www.springframework.org/schema/beans"
	xmlns:xsi="http://www.w3.org/2001/XMLSchema-instance"
	xsi:schemaLocation="
		http://www.springframework.org/schema/beans http://www.springframework.org/schema/beans/spring-beans-2.0.xsd">

	<import resource="classpath:/data-source-context.xml" />
	<import resource="classpath:/transaction-manager-context.xml"/>
	<import resource="classpath:/jobs/weeklySalesReportJob.xml" />
	<import resource="classpath:/job-launcher-it-context.xml" />

	<!-- Define these beans here so they will override the ones that are configured in the default context --> 
	<bean id="eicOmService" class="com.ikea.ebccardpaybatch1.eicom.EicOmServiceMock"/>
	<bean id="unitsCache" class="com.ikea.ebccardpay1.cardpayment.utils.UnitsCacheStaticImpl"/>
	<bean id="countrySetups" class="com.ikea.ebccardpay1.cardpayment.utils.CountrySetupsMock"/>
	<bean id="ebcEnvironment" class="com.ikea.ebccardpay1.cardpayment.utils.EbcEnvironmentMock"/>	
	
</beans>
