<?xml version="1.0" encoding="UTF-8"?>
<beans xmlns="http://www.springframework.org/schema/beans"
        xmlns:xsi="http://www.w3.org/2001/XMLSchema-instance" 
        xmlns:context="http://www.springframework.org/schema/context"
        xmlns:batch="http://www.springframework.org/schema/batch"
        xmlns:p="http://www.springframework.org/schema/p"
        xmlns:tx="http://www.springframework.org/schema/tx"
        xsi:schemaLocation="http://www.springframework.org/schema/beans 
           http://www.springframework.org/schema/beans/spring-beans-3.0.xsd
           http://www.springframework.org/schema/context
           http://www.springframework.org/schema/context/spring-context-3.0.xsd
           http://www.springframework.org/schema/batch http://www.springframework.org/schema/batch/spring-batch-3.0.xsd
           http://www.springframework.org/schema/tx
           http://www.springframework.org/schema/tx/spring-tx-3.0.xsd">

<!-- 
	<import resource="../ebccardpay1-bef-context.xml"/>
	<import resource="../ebccardpay1-utils-context.xml"/>
	<import resource="../hibernate-context.xml"/>
 -->	
	<batch:job id="calculateKpiJob" xmlns="http://www.springframework.org/schema/batch">
		<batch:step id="calculateKpi">
			<batch:tasklet ref="calculateKpiTasklet"/>
		</batch:step>
	</batch:job>
	
	<bean id="calculateKpiTasklet" class="com.ikea.ebccardpaybatch1.batch.CalculateKpiTasklet" scope="step"
		p:kpiType="#{jobParameters['kpi.type']}"
		p:buCode="#{jobParameters['bu.code']}"
		p:buTyp="#{jobParameters['bu.type']}"
		p:kpiInterval="#{jobParameters['kpi.interval']}"
		p:befKPI-ref="befKpi"
		p:units-ref="units"
		p:befIpayBusinessUnits-ref="befIpayBusinessUnits"/>

</beans>
