<?xml version="1.0" encoding="UTF-8"?>
<beans xmlns="http://www.springframework.org/schema/beans"
	xmlns:xsi="http://www.w3.org/2001/XMLSchema-instance" xmlns:context="http://www.springframework.org/schema/context"
	xmlns:batch="http://www.springframework.org/schema/batch" xmlns:p="http://www.springframework.org/schema/p"
	xmlns:tx="http://www.springframework.org/schema/tx"
	xsi:schemaLocation="http://www.springframework.org/schema/beans 
           http://www.springframework.org/schema/beans/spring-beans-3.0.xsd
           http://www.springframework.org/schema/context
           http://www.springframework.org/schema/context/spring-context-3.0.xsd
            http://www.springframework.org/schema/batch 
            http://www.springframework.org/schema/batch/spring-batch-3.0.xsd
           http://www.springframework.org/schema/tx
           http://www.springframework.org/schema/tx/spring-tx-3.0.xsd">

	<context:annotation-config />

	<batch:job id="chinaBatchJob" xmlns="http://www.springframework.org/schema/batch">
		<step id="jobs" next="decision1">
			<tasklet ref="chinaBatchJobCreationTasklet" />
		</step>
		<decision id="decision1" decider="decider">
			<next on="ALL" to="chinaBatchBlobCreation" />
			<next on="1" to="chinaBatchBlobCreation" />
			<next on="FROM2" to="chinaBatchTransfer" />
			<next on="2" to="chinaBatchTransfer" />
			<next on="DELETE" to="chinaBatchDelete" />
			<next on="3" to="chinaBatchValidate" />
			<next on="0" to="chinaBatchJobEnd" />
		</decision>

		<decision id="decision2" decider="decider">
			<next on="ALL" to="chinaBatchTransfer" />
			<next on="1" to="chinaBatchJobEnd" />
			<next on="0" to="chinaBatchJobEnd" />
		</decision>

		<decision id="decision3" decider="decider">
			<next on="ALL" to="chinaBatchValidate" />
			<next on="2" to="chinaBatchJobEnd" />
			<next on="FROM2" to="chinaBatchValidate" />
			<next on="0" to="chinaBatchJobEnd" />
		</decision>

		<batch:step id="chinaBatchBlobCreation" next="decision2">
			<tasklet ref="chinaBatchBlobCreationTasklet" />
		</batch:step>

		<batch:step id="chinaBatchTransfer" next="decision3">
			<tasklet ref="chinaBatchTransferTasklet" />
		</batch:step>

		<batch:step id="chinaBatchValidate" next="chinaBatchJobEnd">
			<tasklet ref="chinaBatchValidateTasklet" />
		</batch:step>

		<batch:step id="chinaBatchDelete" next="chinaBatchJobEnd">
			<tasklet ref="chinaBatchDeleteTasklet" />
		</batch:step>

		<batch:step id="chinaBatchJobEnd">
			<tasklet ref="chinaBatchJobEndTasklet" />
		</batch:step>

	</batch:job>


	<bean id="chinaBatchJobCreationTasklet"
		class="com.ikea.ebccardpaybatch1.china.ChinaBatchJobCreationTasklet" />

	<bean id="decider" class="com.ikea.ebccardpaybatch1.china.ChinaBatchDecider" />

	<bean id="chinaBatchJobEndTasklet" class="com.ikea.ebccardpaybatch1.china.ChinaBatchJobEndTasklet" />

	<bean id="chinaBatchDeleteTasklet" class="com.ikea.ebccardpaybatch1.china.ChinaBatchDeleteTasklet"
		scope="step" p:befCnCardBatchJob-ref="befCnCardBatchJob" p:cnJobId="#{jobParameters['cnJobId']}" />


	<bean id="chinaBatchBlobCreationTasklet"
		class="com.ikea.ebccardpaybatch1.china.ChinaBatchBlobCreationTasklet"
		scope="step" p:befCnCardBatchJob-ref="befCnCardBatchJob"
		p:befCnCard-ref="befCnCard" p:registerCards-ref="registerCards"
		p:registerDailyTransactions-ref="registerDailyTransactions"
		p:batchjobType="#{jobParameters['batch.job']}" p:salesDate="#{jobParameters['salesDate']}"
		p:transactionCount="#{jobParameters['transactionCount']}" />

	<bean id="chinaBatchTransferTasklet"
		class="com.ikea.ebccardpaybatch1.china.ChinaBatchTransferTasklet"
		scope="step" p:befCnCardBatchJob-ref="befCnCardBatchJob"
		p:cnCardBatchJobIds="#{jobParameters['batchJobIds']}" />

	<bean id="chinaBatchValidateTasklet"
		class="com.ikea.ebccardpaybatch1.china.ChinaBatchValidateTasklet"
		scope="step" p:befCnCard-ref="befCnCard" p:befCnCardBatchJob-ref="befCnCardBatchJob"
		p:flowNumber="#{jobParameters['flowNumber']}" />



	<bean id="registerCards" class="com.ikea.ebccardpaybatch1.china.RegisterCards" />


	<bean id="registerDailyTransactions"
		class="com.ikea.ebccardpaybatch1.china.RegisterDailyTransactions"
		p:befCnCardBatchJob-ref="befCnCardBatchJob" />

</beans>