<?xml version="1.0" encoding="UTF-8"?>
<beans xmlns="http://www.springframework.org/schema/beans"
	xmlns:xsi="http://www.w3.org/2001/XMLSchema-instance" xmlns:context="http://www.springframework.org/schema/context"
	xmlns:batch="http://www.springframework.org/schema/batch" xmlns:p="http://www.springframework.org/schema/p"
	xmlns:tx="http://www.springframework.org/schema/tx"
	xsi:schemaLocation="http://www.springframework.org/schema/beans 
           http://www.springframework.org/schema/beans/spring-beans-3.0.xsd
           http://www.springframework.org/schema/context
           http://www.springframework.org/schema/context/spring-context-3.0.xsd
            http://www.springframework.org/schema/batch http://www.springframework.org/schema/batch/spring-batch-3.0.xsd
           http://www.springframework.org/schema/tx
           http://www.springframework.org/schema/tx/spring-tx-3.0.xsd"
	default-autowire="byType">




	<job id="expiredCampaignsJob" xmlns="http://www.springframework.org/schema/batch">
		<batch:step id="expiredCampaigns">
			<batch:tasklet ref="expiredCampaignsTasklet">
				<batch:transaction-attributes
					isolation="DEFAULT" propagation="REQUIRED" timeout="360" />
<!-- 					<batch:chunk commit-interval="10"/> -->
			</batch:tasklet>
		</batch:step>
	</job>

	<bean id="expiredCampaignsTasklet" class="com.ikea.ebccardpaybatch1.batch.ExpiredCampaignsTasklet"
		scope="step" p:fromDate="#{jobParameters['from.date']}" p:toDate="#{jobParameters['to.date']}"
		p:becCampaign-ref="becCampaign" />
</beans>