<?xml version="1.0" encoding="UTF-8"?>
<beans xmlns="http://www.springframework.org/schema/beans"
        xmlns:xsi="http://www.w3.org/2001/XMLSchema-instance" 
        xmlns:context="http://www.springframework.org/schema/context"
        xmlns:batch="http://www.springframework.org/schema/batch"
        xmlns:p="http://www.springframework.org/schema/p"
        xmlns:tx="http://www.springframework.org/schema/tx"
        xsi:schemaLocation="http://www.springframework.org/schema/beans 
           http://www.springframework.org/schema/beans/spring-beans-3.0.xsd
           http://www.springframework.org/schema/context
           http://www.springframework.org/schema/context/spring-context-3.0.xsd
            http://www.springframework.org/schema/batch 
            http://www.springframework.org/schema/batch/spring-batch-3.0.xsd
           http://www.springframework.org/schema/tx
           http://www.springframework.org/schema/tx/spring-tx-3.0.xsd" default-autowire="byType">
<!-- 
	<import resource="../ebccardpay1-bec-context.xml"/>
	<import resource="../ebccardpay1-bef-context.xml"/>
	<import resource="../ebccardpay1-utils-context.xml"/>
	<import resource="../hibernate-context.xml"/>
 -->	
	<job id="retrieveSiteDataJob" xmlns="http://www.springframework.org/schema/batch">
		<step id="retrieveSiteData">
			<tasklet ref="retrieveSiteDataTasklet">
				<transaction-attributes timeout="3000"/>	
			</tasklet>
		</step>
	</job>
	
	<bean id="retrieveSiteDataTasklet" class="com.ikea.ebccardpaybatch1.batch.RetrieveSiteDataTasklet" scope="step"
		p:befIpayBusinessUnits-ref="befIpayBusinessUnits" 
		p:cbdService-ref="cbdService" />
<!-- 		p:cdsService-ref="cdsService" /> -->
		
	<bean id="cbdService" class="com.ikea.ebccardpaybatch1.cbd.CbdServiceBsImpl"/>
<!-- 	<bean id="cdsService" class="com.ikea.ebccardpaybatch1.cds.CdsServiceBsImpl"/> -->
	
</beans>