<?xml version="1.0" encoding="UTF-8"?>
<beans xmlns="http://www.springframework.org/schema/beans"
	xmlns:xsi="http://www.w3.org/2001/XMLSchema-instance" xmlns:context="http://www.springframework.org/schema/context"
	xsi:schemaLocation="http://www.springframework.org/schema/beans 
           http://www.springframework.org/schema/beans/spring-beans-2.5.xsd
           http://www.springframework.org/schema/context
           http://www.springframework.org/schema/context/spring-context-2.5.xsd" default-autowire="byType">
           
	<import resource="classpath:/data-source-context.xml" />
	<import resource="classpath:/transaction-manager-context.xml"/>
	<import resource="classpath:/ebccardpay1-bec-context.xml" />
	<import resource="classpath:/ebccardpay1-bef-context.xml" />
	<import resource="classpath:/ebccardpay1-utils-context.xml" />
	<import resource="classpath:/job-launcher-it-context.xml" />

	<import resource="classpath:/ebccardpay1-jobcreator-context.xml" />

	<bean id="cronJobScheduler" class="com.ikea.ebccardpaybatch1.service.CronJobScheduler"/>
	<bean id="calculateKpiJobCreator" class="com.ikea.ebccardpaybatch1.service.CalculateKpiJobCreator" />
	<bean id="deleteBatchLogJobCreator" class="com.ikea.ebccardpaybatch1.service.DeleteBatchLogJobCreator" />
	<bean id="processCampaignJobCreator" class="com.ikea.ebccardpaybatch1.service.ProcessCampaignJobCreator" />
	<bean id="processMassLoadJobCreator" class="com.ikea.ebccardpaybatch1.service.ProcessMassLoadJobCreator" />
	<bean id="weeklySalesReportJobCreator" class="com.ikea.ebccardpaybatch1.service.WeeklySalesReportJobCreator" />

	<bean id="unitsCache" class="com.ikea.ebccardpay1.cardpayment.utils.UnitsCacheStaticImpl"/>
	<bean id="countrySetups" class="com.ikea.ebccardpay1.cardpayment.utils.CountrySetupsMock"/>
	
</beans>
