<?xml version="1.0" encoding="UTF-8"?>
<beans xmlns="http://www.springframework.org/schema/beans"
	xmlns:p="http://www.springframework.org/schema/p"
	xmlns:xsi="http://www.w3.org/2001/XMLSchema-instance"
	xsi:schemaLocation="http://www.springframework.org/schema/beans http://www.springframework.org/schema/beans/spring-beans-2.0.xsd">

	<bean id="dataSource" class="org.apache.commons.dbcp.BasicDataSource">
		<property name="driverClassName" value="oracle.jdbc.driver.OracleDriver" />
		<property name="url"
			value="jdbc:oracle:thin:@//ptcrs05.ikeadt.com:1521/PTDBSEBCCARDPAYBATCH1.IKEADT.COM" />
		<property name="username" value="DEV4_EBCCARDPAY1" />
		<property name="password" value="DEV4_EBCCARDPAY1" />
	</bean>

	<bean id="jdbcTemplate" class="org.springframework.jdbc.core.JdbcTemplate">
		<property name="dataSource" ref="dataSource"/> 
	</bean>
	
	<bean id="simpleJdbcTemplate" class="org.springframework.jdbc.core.JdbcTemplate">
		<constructor-arg index="0" ref="dataSource"/>
	</bean>
	
</beans>
