<?xml version="1.0" encoding="UTF-8"?>
<beans xmlns="http://www.springframework.org/schema/beans"
	xmlns:xsi="http://www.w3.org/2001/XMLSchema-instance" xmlns:context="http://www.springframework.org/schema/context"
	xmlns:tx="http://www.springframework.org/schema/tx"
	xsi:schemaLocation="http://www.springframework.org/schema/beans
                           http://www.springframework.org/schema/beans/spring-beans-4.3.xsd
						   http://www.springframework.org/schema/context
						   http://www.springframework.org/schema/context/spring-context-4.3.xsd
						   http://www.springframework.org/schema/tx
						   http://www.springframework.org/schema/tx/spring-tx-4.3.xsd">
	<!-- Here you can add your projects spring context files if any. -->
	<!-- Load context files -->
	<!-- <import resource="<name of project specific spring context file>" /> -->
	<tx:annotation-driven transaction-manager="transactionManager" />
	<import resource="classpath:bec-context.xml" />
	<import resource="classpath:bef-context.xml" />
	<import resource="classpath:ebccardpay1-external-context.xml" />
	<import resource="classpath:hibernate-context.xml" />
	<import resource="classpath:utils-context.xml" />
	<import resource="classpath:caches-context.xml" />

	<import resource="classpath:ebccardpaybatch1-bec-context.xml" />
	<import resource="classpath:ebccardpaybatch1-bef-context.xml" />
	<import resource="classpath:applicationContext-db.xml" />
	<import resource="classpath:job-launcher-context.xml" />
	<import resource="classpath:ebccardpay1-jobcreator-context.xml" />




	<!-- Add a default DataSource -->
	<bean id="EBCCARDPAYBATCH1DS" name="dataSource"
		class="org.springframework.jndi.JndiObjectFactoryBean">
		<!-- Associate with @DefaultDataSource annotation -->
		<qualifier type="com.ikea.ebcframework.persistence.DefaultDataSource" />
		<!-- Enable @Qualifier("default") annotation -->
		<qualifier value="default" />

		<!-- JNDI-name -->
		<property name="jndiName" value="jdbc/DS-ref" />
		<property name="resourceRef" value="true" />
	</bean>



</beans>
