<?xml version="1.0" encoding="UTF-8"?>
<Configuration monitorInterval="30" status="warn"
	package="com.ikea.ebcframework.internal.logging.plugins">

	<CustomLevels>
		<CustomLevel name="STATISTIC" intLevel="350" />
	</CustomLevels>

	<Appenders>
		<Console name="STDOUT" target="SYSTEM_OUT">
			<PatternLayout
				pattern="%d %-5p [%c] [%xa{xaStatus}] %m %additionalInfo{userId}{userIdRegion}{ebcName}{bsName}{msgId}{msgIdSeq}{ebcSpecific} %n" />
		</Console>

		<RollingFile name="StatisticsFile" fileName="statistics.log"
			filePattern="statistics-%i.log">
			<PatternLayout pattern="%d %m%n" />
			<Policies>
				<SizeBasedTriggeringPolicy size="5 MB" />
			</Policies>
			<DefaultRolloverStrategy max="5" />
		</RollingFile>
	</Appenders>

	<Loggers>
		<Root level="warn">
			<AppenderRef ref="STDOUT" />
		</Root>

		<!-- STATISTICS -->
		<Logger name="com.ikea.ebcframework.StatisticLogger" level="STATISTIC"
			additivity="false">
			<AppenderRef ref="StatisticsFile" />
		</Logger>

		<!-- IKEA -->
		<Logger name="com.ikea" level="warn" />

		<!-- LOG EBC START -->
		<Logger name="com.ikea.ebcframework.internal.server.DefaultEbcServer"
			level="info">
			<AppenderRef ref="STDOUT" />
		</Logger>

		<!-- LOG EBC CONFIGURATION AT STARTUP -->
		<Logger name="com.ikea.ebcframework.internal.logging.EbcConfigLoggerImpl"
			level="info">
			<AppenderRef ref="STDOUT" />
		</Logger>
		
		<Logger name="com.ikea.ebccardpaybatch1" level="debug">
			<AppenderRef ref="STDOUT" />
		</Logger>
		
		<Logger name="com.ikea.ebccardpay1" level="debug">
			<AppenderRef ref="STDOUT" />
		</Logger>
		
		<Logger name="org.hibernate" level="debug">
			<AppenderRef ref="STDOUT" />
		</Logger>

		<!-- LOG A SPECIFIC BS -->
		<!-- <Logger name="com.ikea.ebcframework.internal.server.BsLogger.run:BsBusinessServiceExecution_CallFromClientViaEBB" 
			level="info"/> -->

		<!-- LOG ALL OUTGOING CALLS TO A SPECIFIC EBC AND BS -->
		<!--<Logger name="com.ikea.ebcframework.internal.server.EbcBsLogger.run:EBCDEVSEC01.BsSimple" 
			level="info"/> -->

	</Loggers>
</Configuration>
