<assembly>
	<id>dist</id>
	<formats>
		<format>zip</format>
	</formats>
	<includeBaseDirectory>false</includeBaseDirectory>

    <dependencySets>
        <dependencySet>
            <useProjectArtifact>true</useProjectArtifact>
            <outputDirectory>lib/</outputDirectory>
            <unpack>false</unpack>
            <scope>runtime</scope>
        </dependencySet>
    </dependencySets>

	<files>
        <file>
            <source>target/${artifact.artifactId}-${artifact.version}.jar</source>
            <outputDirectory>/</outputDirectory>
        </file>
		<file>
			<source>${basedir}/src/main/assembly/resources/lib/wrapper.dll</source>
			<outputDirectory>lib/</outputDirectory>
		</file>
		<file>
			<source>${basedir}/src/main/assembly/resources/conf/wrapper.conf</source>
			<outputDirectory>conf/</outputDirectory>
			<filtered>true</filtered>
		</file>
		<file>
			<source>${basedir}/src/main/assembly/resources/bin/iPayExchange.bat</source>
			<outputDirectory>bin/</outputDirectory>
		</file>
		<file>
			<source>${basedir}/src/main/assembly/resources/bin/InstalliPayExchange-NT.bat</source>
			<outputDirectory>bin/</outputDirectory>
		</file>
		<file>
			<source>${basedir}/src/main/assembly/resources/bin/UninstalliPayExchange-NT.bat</source>
			<outputDirectory>bin/</outputDirectory>
		</file>
		<file>
			<source>${basedir}/src/main/assembly/resources/bin/wrapper.exe</source>
			<outputDirectory>bin/</outputDirectory>
		</file>
		<file>
			<source>${basedir}/src/main/resources/exchange.properties</source>
			<outputDirectory>/</outputDirectory>
		</file>
		<file>
			<source>${basedir}/src/main/assembly/resources/campaign.xsd</source>
			<outputDirectory>/</outputDirectory>
		</file>
		<file>
			<source>${basedir}/src/main/resources/log4j2.xml</source>
			<outputDirectory>/</outputDirectory>
		</file>
		<file>
			<source>${basedir}/src/main/assembly/resources/version.properties</source>
			<outputDirectory>/</outputDirectory>
			<filtered>true</filtered>
		</file>
		<file>
			<source>${basedir}/src/main/resources/key.txt</source>
			<outputDirectory>external/</outputDirectory>
		</file>
		<file>
			<source>${basedir}/src/main/assembly/resources/iPayExchange_manifest.txt</source>
			<outputDirectory>/</outputDirectory>
			<filtered>true</filtered>
		</file>
	</files>
</assembly>