<?xml version = "1.0" encoding = "utf-8"?>
<!DOCTYPE hibernate-mapping PUBLIC 
"-//Hibernate/Hibernate Mapping DTD//EN"
"http://www.hibernate.org/dtd/hibernate-mapping-3.0.dtd"> 
<hibernate-mapping package="com.ikea.ebccardpay1.cardpayment.be">
<class name="Activation" table="ACTIVATION_T" optimistic-lock="version">
<id name="activationId" column="ACTIVATION_ID" type="long">
<generator class="com.ikea.mdsd.HibernateIdGenerator">
<param name="tableName">ACTIVATION_T</param>
</generator>
</id>
<version name="versionNo" column="VERSION_NO"/>
<property name="createdBy" column="CREATED_BY" update="false" not-null="true"/>
<property name="createdDateTime" column="CREATED_DATE_TIME" type="timestamp" update="false" not-null="true"/>
<property name="updatedBy" column="UPDATED_BY"/>
<property name="updatedDateTime" column="UPDATED_DATE_TIME" type="timestamp"/>
<many-to-one name="range" class="com.ikea.ebccardpay1.cardpayment.be.Range" fetch="join" lazy="false">
<column name="RANGE_ID" not-null="true" unique="true"/>
</many-to-one>
</class>
</hibernate-mapping>
