<?xml version = "1.0" encoding = "utf-8"?>
<!DOCTYPE hibernate-mapping PUBLIC 
"-//Hibernate/Hibernate Mapping DTD//EN"
"http://www.hibernate.org/dtd/hibernate-mapping-3.0.dtd"> 
<hibernate-mapping package="com.ikea.ebccardpay1.cardpayment.be">
	<class name="Amount" table="AMOUNT_T" optimistic-lock="version">
		<id name="amountId" column="AMOUNT_ID" type="long">
			<generator class="com.ikea.mdsd.HibernateIdGenerator">
				<param name="tableName">AMOUNT_T</param>
			</generator>
		</id>
		<version name="versionNo" column="VERSION_NO" />
		<property name="createdBy" column="CREATED_BY" update="false" not-null="true" />
		<property name="createdDateTime" column="CREATED_DATE_TIME" type="timestamp" update="false"
			not-null="true" />
		<property name="updatedBy" column="UPDATED_BY" />
		<property name="updatedDateTime" column="UPDATED_DATE_TIME" type="timestamp" />
		<property name="amountType" column="AMOUNT_TYPE" type="string" length="100" not-null="true" />
		<property name="currentAmount" column="CURRENT_AMOUNT" type="big_decimal" precision="18"
			scale="2" not-null="true" />
		<property name="priority" column="PRIORITY" type="big_decimal" precision="38" scale="35"
			not-null="true" />
		<property name="originalAmount" column="ORIGINAL_AMOUNT" type="big_decimal" precision="18"
			scale="2" not-null="true" />
		<property name="buType" column="BU_TYPE" type="string" length="3" not-null="false" insert="false" update="false" />
		<property name="buCode" column="BU_CODE" type="string" length="5" not-null="false" insert="false" update="false" />
		<many-to-one name="card" class="com.ikea.ebccardpay1.cardpayment.be.Card">
			<column name="CARD_ID" not-null="true" />
		</many-to-one>
		<many-to-one name="massLoad" class="com.ikea.ebccardpay1.cardpayment.be.MassLoad">
			<column name="MASS_LOAD_ID" />
		</many-to-one>
		<many-to-one name="campaign" class="com.ikea.ebccardpay1.cardpayment.be.Campaign">
			<column name="CAMPAIGN_ID" />
		</many-to-one>
		<set name="transactions" inverse="true">
			<key column="AMOUNT_ID" />
			<one-to-many class="com.ikea.ebccardpay1.cardpayment.be.Transaction" />
		</set>
		<many-to-one name="bonusCode" class="com.ikea.ebccardpay1.cardpayment.be.BonusCode"
			fetch="join">
			<column name="BONUS_CODE_ID" />
		</many-to-one>
		<many-to-one name="bonus" class="com.ikea.ebccardpay1.cardpayment.be.Bonus">
			<column name="BONUS_ID" unique="true" />
		</many-to-one>
		<many-to-one name="multipleSingleLoad" class="com.ikea.ebccardpay1.cardpayment.be.MultipleSingleLoad">
			<column name="MULTIPLE_SINGLE_LOAD_ID" />
		</many-to-one>
        <many-to-one name="ipayBusinessUnits" class="com.ikea.ebccardpay1.cardpayment.be.IpayBusinessUnits">
            <column name="BU_TYPE" not-null="false"/>
            <column name="BU_CODE" not-null="false"/>
        </many-to-one>
	</class>
</hibernate-mapping>
