<?xml version = "1.0" encoding = "utf-8"?>
<!DOCTYPE hibernate-mapping PUBLIC 
"-//Hibernate/Hibernate Mapping DTD//EN"
"http://www.hibernate.org/dtd/hibernate-mapping-3.0.dtd"> 
<hibernate-mapping package="com.ikea.ebccardpay1.cardpayment.be">
<class name="BonusCode" table="BONUS_CODE_T" optimistic-lock="version">
<id name="bonusCodeId" column="BONUS_CODE_ID" type="long">
<generator class="com.ikea.mdsd.HibernateIdGenerator">
<param name="tableName">BONUS_CODE_T</param>
</generator>
</id>
<version name="versionNo" column="VERSION_NO"/>
<property name="createdBy" column="CREATED_BY" update="false" not-null="true"/>
<property name="createdDateTime" column="CREATED_DATE_TIME" type="timestamp" update="false" not-null="true"/>
<property name="updatedBy" column="UPDATED_BY"/>
<property name="updatedDateTime" column="UPDATED_DATE_TIME" type="timestamp"/>
<property name="code" column="CODE" type="long" not-null="true"/>
<property name="name" column="NAME" type="string" length="100" not-null="true"/>
<property name="countryCode" column="COUNTRY_CODE" type="string" length="2" not-null="true"/>
<property name="disabledDateTime" column="DISABLED_DATE_TIME" type="timestamp" not-null="false"/>
<property name="disabledBy" column="DISABLED_BY" type="string" length="100" not-null="false"/>
<set name="amount" inverse="true">
<key column="BONUS_CODE_ID"/>
<one-to-many class="com.ikea.ebccardpay1.cardpayment.be.Amount"/>
</set>
<set name="massLoad" inverse="true">
<key column="BONUS_CODE_ID"/>
<one-to-many class="com.ikea.ebccardpay1.cardpayment.be.MassLoad"/>
</set>
<set name="bonus" inverse="true">
<key column="BONUS_CODE_ID" not-null="true"/>
<one-to-many class="com.ikea.ebccardpay1.cardpayment.be.Bonus"/>
</set>
</class>
</hibernate-mapping>
