<?xml version = "1.0" encoding = "utf-8"?>
<!DOCTYPE hibernate-mapping PUBLIC 
"-//Hibernate/Hibernate Mapping DTD//EN"
"http://www.hibernate.org/dtd/hibernate-mapping-3.0.dtd"> 
<hibernate-mapping package="com.ikea.ebccardpay1.cardpayment.be">
<class name="Bonus" table="BONUS_T" optimistic-lock="version">
<id name="bonusId" column="BONUS_ID" type="long">
<generator class="com.ikea.mdsd.HibernateIdGenerator">
<param name="tableName">BONUS_T</param>
</generator>
</id>
<version name="versionNo" column="VERSION_NO"/>
<property name="createdBy" column="CREATED_BY" update="false" not-null="true"/>
<property name="createdDateTime" column="CREATED_DATE_TIME" type="timestamp" update="false" not-null="true"/>
<property name="updatedBy" column="UPDATED_BY"/>
<property name="updatedDateTime" column="UPDATED_DATE_TIME" type="timestamp"/>
<property name="countryCode" column="COUNTRY_CODE" type="string" length="2" not-null="true"/>
<property name="bonusAmount" column="BONUS_AMOUNT" type="big_decimal" precision="18" scale="2" not-null="true"/>
<property name="currencyCode" column="CURRENCY_CODE" type="string" length="3" not-null="true"/>
<property name="amountType" column="AMOUNT_TYPE" type="string" length="100" not-null="true"/>
<property name="authorizedDateTime" column="AUTHORIZED_DATE_TIME" type="timestamp" not-null="false"/>
<property name="authorizedBy" column="AUTHORIZED_BY" type="string" length="100" not-null="false"/>
<property name="reasonCodeId" column="REASON_CODE_ID" type="int" not-null="false"/>
<many-to-one name="bonusCode" class="com.ikea.ebccardpay1.cardpayment.be.BonusCode" fetch="join" lazy="false">
<column name="BONUS_CODE_ID" not-null="true"/>
</many-to-one>
<one-to-one name="amount" class="com.ikea.ebccardpay1.cardpayment.be.Amount" property-ref="bonus"/>
<!--  <many-to-one name="reasonCode" class="com.ikea.ebccardpay1.cardpayment.be.ReasonCode" fetch="join">
<column name="REASON_CODE_ID"/>
</many-to-one> -->
</class>
</hibernate-mapping>
