<?xml version = "1.0" encoding = "utf-8"?>
<!DOCTYPE hibernate-mapping PUBLIC 
"-//Hibernate/Hibernate Mapping DTD//EN"
"http://www.hibernate.org/dtd/hibernate-mapping-3.0.dtd"> 
<hibernate-mapping package="com.ikea.ebccardpay1.cardpayment.be">
<class name="BsLog" table="BS_LOG_T" optimistic-lock="version">
<id name="bsLogId" column="BS_LOG_ID" type="long">
<generator class="com.ikea.mdsd.HibernateIdGenerator">
<param name="tableName">BS_LOG_T</param>
</generator>
</id>
<property name="createdBy" column="CREATED_BY" update="false" not-null="true"/>
<property name="createdDateTime" column="CREATED_DATE_TIME" type="timestamp" update="false" not-null="true"/>
<property name="updatedBy" column="UPDATED_BY"/>
<property name="updatedDateTime" column="UPDATED_DATE_TIME" type="timestamp"/>
<property name="bsName" column="BS_NAME" type="string" length="50" not-null="false"/>
<property name="bsInputs" column="BS_INPUTS" type="string" length="4000" not-null="false"/>
</class>
</hibernate-mapping>