<?xml version = "1.0" encoding = "utf-8"?>
<!DOCTYPE hibernate-mapping PUBLIC 
"-//Hibernate/Hibernate Mapping DTD//EN"
"http://www.hibernate.org/dtd/hibernate-mapping-3.0.dtd"> 
<hibernate-mapping package="com.ikea.ebccardpay1.cardpayment.be">
<class name="Campaign" table="CAMPAIGN_T" optimistic-lock="version">
<id name="campaignId" column="CAMPAIGN_ID" type="long">
<generator class="com.ikea.mdsd.HibernateIdGenerator">
<param name="tableName">CAMPAIGN_T</param>
</generator>
</id>
<version name="versionNo" column="VERSION_NO"/>
<property name="createdBy" column="CREATED_BY" update="false" not-null="true"/>
<property name="createdDateTime" column="CREATED_DATE_TIME" type="timestamp" update="false" not-null="true"/>
<property name="updatedBy" column="UPDATED_BY"/>
<property name="updatedDateTime" column="UPDATED_DATE_TIME" type="timestamp"/>
<property name="name" column="NAME" type="string" length="100" not-null="true"/>
<property name="campaignState" column="CAMPAIGN_STATE" type="string" length="100" not-null="true"/>
<property name="wishedCampaignState" column="WISHED_CAMPAIGN_STATE" type="string" length="100" not-null="false"/>
<property name="countryCode" column="COUNTRY_CODE" type="string" length="2" not-null="true"/>
<property name="intervalStartDate" column="INTERVAL_START_DATE" type="date" not-null="true"/>
<property name="intervalEndDate" column="INTERVAL_END_DATE" type="date" not-null="true"/>
<property name="fromTime" column="FROM_TIME" type="string" length="5" not-null="false"/>
<property name="untilTime" column="UNTIL_TIME" type="string" length="5" not-null="false"/>
<property name="monday" column="MONDAY" type="yes_no" length="1" not-null="true"/>
<property name="tuesday" column="TUESDAY" type="yes_no" length="1" not-null="true"/>
<property name="wednesday" column="WEDNESDAY" type="yes_no" length="1" not-null="true"/>
<property name="thursday" column="THURSDAY" type="yes_no" length="1" not-null="true"/>
<property name="friday" column="FRIDAY" type="yes_no" length="1" not-null="true"/>
<property name="saturday" column="SATURDAY" type="yes_no" length="1" not-null="true"/>
<property name="sunday" column="SUNDAY" type="yes_no" length="1" not-null="true"/>
<property name="amount" column="AMOUNT" type="big_decimal" precision="18" scale="2" not-null="true"/>
<property name="currencyCode" column="CURRENCY_CODE" type="string" length="3" not-null="true"/>
<property name="minPurchaseAmount" column="MIN_PURCHASE_AMOUNT" type="big_decimal" precision="18" scale="2" not-null="false"/>
<property name="authorizedDateTime" column="AUTHORIZED_DATE_TIME" type="timestamp" not-null="false"/>
<property name="authorizedBy" column="AUTHORIZED_BY" type="string" length="100" not-null="false"/>
<property name="withdrawnDateTime" column="WITHDRAWN_DATE_TIME" type="timestamp" not-null="false"/>
<property name="withdrawnBy" column="WITHDRAWN_BY" type="string" length="100" not-null="false"/>
<property name="lockCount" column="LOCK_COUNT" type="long" not-null="false"/>
<property name="lockMessages" column="LOCK_MESSAGES" type="string" length="1000" not-null="false"/>
<property name="currentCardNumberId" column="CURRENT_CARD_NUMBER_ID" type="long" not-null="false"/>
<property name="reasonCode" column="REASON_CODE_ID" type="int" not-null="false"/>
<property name="customerType" column="CUSTOMER_TYPE" type="string" not-null="false"/>
<property name="companyName" column="COMPANY_NAME" type="string" not-null="false"/>
<set name="ranges" inverse="false" table="CAMPAIGN_RANGE_T" fetch="join" lazy="false">
<key column="CAMPAIGN_ID" not-null="true"/>
<many-to-many class="com.ikea.ebccardpay1.cardpayment.be.Range" column="RANGE_ID"/>
</set>
<set name="amounts" inverse="true" fetch="join" lazy="false">
<key column="CAMPAIGN_ID"/>
<one-to-many class="com.ikea.ebccardpay1.cardpayment.be.Amount"/>
</set>
<set name="transactions" inverse="true">
<key column="CAMPAIGN_ID"/>
<one-to-many class="com.ikea.ebccardpay1.cardpayment.be.Transaction"/>
</set>
<set name="campaignLimitations" inverse="true" cascade="all" fetch="join" lazy="false">
<key column="CAMPAIGN_ID" not-null="true"/>
<one-to-many class="com.ikea.ebccardpay1.cardpayment.be.CampaignLimitation"/>
</set>
</class>
</hibernate-mapping>
