<?xml version = "1.0" encoding = "utf-8"?>
<!DOCTYPE hibernate-mapping PUBLIC 
"-//Hibernate/Hibernate Mapping DTD//EN"
"http://www.hibernate.org/dtd/hibernate-mapping-3.0.dtd"> 
<hibernate-mapping package="com.ikea.ebccardpay1.cardpayment.be">
<class name="CampaignLimitation" table="CAMPAIGN_LIMITATION_T" optimistic-lock="version">
<id name="campaignLimitationId" column="CAMPAIGN_LIMITATION_ID" type="long">
<generator class="com.ikea.mdsd.HibernateIdGenerator">
<param name="tableName">CAMPAIGN_LIMITATION_T</param>
</generator>
</id>
<version name="versionNo" column="VERSION_NO"/>
<property name="createdBy" column="CREATED_BY" update="false" not-null="true"/>
<property name="createdDateTime" column="CREATED_DATE_TIME" type="timestamp" update="false" not-null="true"/>
<property name="updatedBy" column="UPDATED_BY"/>
<property name="updatedDateTime" column="UPDATED_DATE_TIME" type="timestamp"/>
<property name="buType" column="BU_TYPE" type="string" length="3" not-null="true"/>
<property name="buCode" column="BU_CODE" type="string" length="5" not-null="true"/>
<many-to-one name="campaign" class="com.ikea.ebccardpay1.cardpayment.be.Campaign">
<column name="CAMPAIGN_ID" not-null="true"/>
</many-to-one>
</class>
</hibernate-mapping>
