<?xml version = "1.0" encoding = "utf-8"?>
<!DOCTYPE hibernate-mapping PUBLIC 
"-//Hibernate/Hibernate Mapping DTD//EN"
"http://www.hibernate.org/dtd/hibernate-mapping-3.0.dtd"> 
<hibernate-mapping package="com.ikea.ebccardpay1.cardpayment.be">
<class name="CardNumber" table="CARD_NUMBER_T" optimistic-lock="version">
<id name="cardNumberId" column="CARD_NUMBER_ID" type="long">
<generator class="com.ikea.mdsd.HibernateIdGenerator">
<param name="tableName">CARD_NUMBER_T</param>
</generator>
</id>
<version name="versionNo" column="VERSION_NO"/>
<property name="createdBy" column="CREATED_BY" update="false" not-null="true"/>
<property name="createdDateTime" column="CREATED_DATE_TIME" type="timestamp" update="false" not-null="true"/>
<property name="updatedBy" column="UPDATED_BY"/>
<property name="updatedDateTime" column="UPDATED_DATE_TIME" type="timestamp"/>
<!-- <property name="accountNumber" column="ACCOUNT_NUMBER" type="string" length="100" not-null="true"/> -->
<property name="issuer" column="ISSUER" type="string" length="100" not-null="true"/>
<property name="cardTypeDigit" column="CARD_TYPE_DIGIT" type="integer" length="1" precision="1" scale="0" not-null="true"/>
<property name="checkDigit" column="CHECK_DIGIT" type="integer" length="1" precision="1" scale="0" not-null="true"/>
<!--  <property name="verificationCode" column="VERIFICATION_CODE" type="string" length="100" not-null="false"/>-->
<property name="accountNumberEnc" column="ACCOUNT_NUMBER_ENC" type="string" length="100" not-null="true"/>
<property name="verificationCodeEnc" column="VERIFICATION_CODE_ENC" type="string" length="100" not-null="false"/>
<property name="issuerCountryCode" column="ISSUER_COUNTRY_CODE" type="string" length="100" not-null="false"/>
<one-to-one name="card" class="com.ikea.ebccardpay1.cardpayment.be.Card" cascade="all" fetch="join" lazy="false" property-ref="cardNumber"/>
<set name="ranges" inverse="true" table="CARD_NUMBER_RANGE_T">
<key column="CARD_NUMBER_ID" not-null="true"/>
<many-to-many class="com.ikea.ebccardpay1.cardpayment.be.Range" column="RANGE_ID"/>
</set>
</class>
</hibernate-mapping>
