<?xml version = "1.0" encoding = "utf-8"?>
<!DOCTYPE hibernate-mapping PUBLIC 
"-//Hibernate/Hibernate Mapping DTD//EN"
"http://www.hibernate.org/dtd/hibernate-mapping-3.0.dtd"> 
<hibernate-mapping package="com.ikea.ebccardpay1.cardpayment.be">
<class name="CardTypeConstant" table="CARD_TYPE_CONSTANT_T" optimistic-lock="version">
<id name="cardType" column="CARD_TYPE" type="string"/>
<version name="versionNo" column="VERSION_NO"/>
<property name="createdBy" column="CREATED_BY" update="false" not-null="true"/>
<property name="createdDateTime" column="CREATED_DATE_TIME" type="timestamp" update="false" not-null="true"/>
<property name="updatedBy" column="UPDATED_BY"/>
<property name="updatedDateTime" column="UPDATED_DATE_TIME" type="timestamp"/>
<property name="cardTypeDigit" column="CARD_TYPE_DIGIT" type="integer" length="1" precision="1" scale="0" not-null="true"/>
</class>
</hibernate-mapping>
