<?xml version = "1.0" encoding = "utf-8"?>
<!DOCTYPE hibernate-mapping PUBLIC 
"-//Hibernate/Hibernate Mapping DTD//EN"
"http://www.hibernate.org/dtd/hibernate-mapping-3.0.dtd"> 
<hibernate-mapping package="com.ikea.ebccardpay1.cardpayment.be">
<class name="Card" table="CARD_T" optimistic-lock="version">
<id name="cardId" column="CARD_ID" type="long">
<generator class="com.ikea.mdsd.HibernateIdGenerator">
<param name="tableName">CARD_T</param>
</generator>
</id>
<version name="versionNo" column="VERSION_NO"/>
<property name="createdBy" column="CREATED_BY" update="false" not-null="true"/>
<property name="createdDateTime" column="CREATED_DATE_TIME" type="timestamp" update="false" not-null="true"/>
<property name="updatedBy" column="UPDATED_BY"/>
<property name="updatedDateTime" column="UPDATED_DATE_TIME" type="timestamp"/>
<property name="cardState" column="CARD_STATE" type="string" length="100" not-null="true"/>
<property name="currencyCode" column="CURRENCY_CODE" type="string" length="3" not-null="false"/>
<property name="lastLifeCycleDateTime" column="LAST_LIFE_CYCLE_DATE_TIME" type="timestamp" not-null="false"/>
<property name="lastTransactionDateTime" column="LAST_TRANSACTION_DATE_TIME" type="timestamp" not-null="false"/>
<property name="countryCode" column="COUNTRY_CODE" type="string" length="2" not-null="false"/>
<property name="cardType" column="CARD_TYPE" type="string" length="100" not-null="true"/>
<property name="expireDate" column="EXPIRE_DATE" type="date" not-null="false"/>
<many-to-one name="cardNumber" class="com.ikea.ebccardpay1.cardpayment.be.CardNumber" cascade="all" fetch="join" lazy="false">
<column name="CARD_NUMBER_ID" not-null="true" unique="true"/>
</many-to-one>
<set name="transactions" inverse="true" cascade="all">
<key column="CARD_ID" not-null="true"/>
<one-to-many class="com.ikea.ebccardpay1.cardpayment.be.Transaction"/>
</set>
<set name="lifeCycles" inverse="true" cascade="all">
<key column="CARD_ID" not-null="true"/>
<one-to-many class="com.ikea.ebccardpay1.cardpayment.be.LifeCycle"/>
</set>
<set name="amounts" inverse="true" cascade="all" fetch="join" lazy="false">
<key column="CARD_ID" not-null="true"/>
<one-to-many class="com.ikea.ebccardpay1.cardpayment.be.Amount"/>
</set>
<set name="referenceCheck" inverse="true" cascade="all" fetch="join" lazy="false">
<key column="CARD_ID" not-null="true"/>
<one-to-many class="com.ikea.ebccardpay1.cardpayment.be.ReferenceCheck"/>
</set>
<one-to-one name="externalCard" class="com.ikea.ebccardpay1.cardpayment.be.ExternalCard" property-ref="card"/>
</class>
</hibernate-mapping>
