<?xml version = "1.0" encoding = "utf-8"?>
<!DOCTYPE hibernate-mapping PUBLIC 
"-//Hibernate/Hibernate Mapping DTD//EN"
"http://www.hibernate.org/dtd/hibernate-mapping-3.0.dtd"> 
<hibernate-mapping package="com.ikea.ebccardpay1.cardpayment.be">
	<class name="CnCardBatchJob" table="CN_BATCH_JOB_T" optimistic-lock="version">
		<id name="cnBatchJobId" column="CN_BATCH_JOB_ID" type="long">
			<generator class="com.ikea.mdsd.HibernateIdGenerator">
				<param name="tableName">CN_BATCH_JOB_T</param>
			</generator>
		</id>
		<version name="versionNo" column="VERSION_NO"/>
		<property name="batchType" column="BATCH_TYPE" not-null="true"/>
		<property name="salesDay" column="SALES_DAY"  not-null="true"/>
		<property name="jobExecutionIds" column="JOB_EXECUTION_IDS" not-null="true"/>
		<property name="transactionCount" column="TRANSACTION_COUNT"  not-null="true"/>
		<property name="blobFile" column="BLOB_FILE" />
		<property name="flowNumber" column="FLOW_NUMBER"/>
		<property name="fileStatus" column="FILE_STATUS"/>
		<property name="md5String" column="MD5_STRING" />
		<property name="status" column="STATUS" not-null="true"/>
		<property name="errorMessage" column="ERROR_MESSAGE" />
		<property name="createdDateTime" column="CREATED_DATE_TIME" type="timestamp" update="false" not-null="true"/>
		<property name="updatedDateTime" column="UPDATED_DATE_TIME" type="timestamp"/>
		<property name="createdBy" column="CREATED_BY" update="false" not-null="true"/>
		<property name="updatedBy" column="UPDATED_BY"/>
	</class>
</hibernate-mapping>
