<?xml version = "1.0" encoding = "utf-8"?>
<!DOCTYPE hibernate-mapping PUBLIC 
"-//Hibernate/Hibernate Mapping DTD//EN"
"http://www.hibernate.org/dtd/hibernate-mapping-3.0.dtd"> 
<hibernate-mapping package="com.ikea.ebccardpay1.cardpayment.be">
	<class name="CnCard" table="CN_CARD_T" optimistic-lock="version">
		<id name="cardId" column="CARD_ID" type="long">
		</id>
		<version name="versionNo" column="VERSION_NO"/>
		<property name="cardNumber" column="CARD_NUMBER"  not-null="true"/>
		<property name="registered" column="REGISTERED" not-null="true"/>
		<property name="cnBatchJobId" column="CN_BATCH_JOB_ID" />
		<property name="createdDateTime" column="CREATED_DATE_TIME" type="timestamp" update="false" not-null="true"/>
		<property name="updatedDateTime" column="UPDATED_DATE_TIME" type="timestamp"/>
		<property name="createdBy" column="CREATED_BY" update="false" not-null="true"/>
		<property name="updatedBy" column="UPDATED_BY"/>
	</class>
</hibernate-mapping>
