<?xml version = "1.0" encoding = "utf-8"?>
<!DOCTYPE hibernate-mapping PUBLIC 
"-//Hibernate/Hibernate Mapping DTD//EN"
"http://www.hibernate.org/dtd/hibernate-mapping-3.0.dtd"> 
<hibernate-mapping package="com.ikea.ebccardpay1.cardpayment.be">
<class name="CountrySetup" table="COUNTRY_SETUP_T" optimistic-lock="version">
<id name="countrySetupId" column="COUNTRY_SETUP_ID" type="long">
<generator class="com.ikea.mdsd.HibernateIdGenerator">
<param name="tableName">COUNTRY_SETUP_T</param>
</generator>
</id>
<version name="versionNo" column="VERSION_NO"/>
<property name="createdBy" column="CREATED_BY" update="false" not-null="true"/>
<property name="createdDateTime" column="CREATED_DATE_TIME" type="timestamp" update="false" not-null="true"/>
<property name="updatedBy" column="UPDATED_BY"/>
<property name="updatedDateTime" column="UPDATED_DATE_TIME" type="timestamp"/>
<property name="countryCode" column="COUNTRY_CODE" type="string" length="2" not-null="true"/>
<property name="expireDays" column="EXPIRE_DAYS" type="integer" not-null="false"/>
<property name="cardType" column="CARD_TYPE" type="string" length="100" not-null="true"/>
</class>
</hibernate-mapping>
