<?xml version = "1.0" encoding = "utf-8"?>
<!DOCTYPE hibernate-mapping PUBLIC 
"-//Hibernate/Hibernate Mapping DTD//EN"
"http://www.hibernate.org/dtd/hibernate-mapping-3.0.dtd"> 
<hibernate-mapping package="com.ikea.ebccardpay1.cardpayment.be">
<class name="Country" table="COUNTRY_T" optimistic-lock="version">
<id name="countryId" column="COUNTRY_ID" type="long">
<generator class="com.ikea.mdsd.HibernateIdGenerator">
<param name="tableName">COUNTRY_T</param>
</generator>
</id>
<version name="versionNo" column="VERSION_NO"/>
<property name="createdBy" column="CREATED_BY" update="false" not-null="true"/>
<property name="createdDateTime" column="CREATED_DATE_TIME" type="timestamp" update="false" not-null="true"/>
<property name="updatedBy" column="UPDATED_BY"/>
<property name="updatedDateTime" column="UPDATED_DATE_TIME" type="timestamp"/>
<property name="countryCode" column="COUNTRY_CODE" type="string" length="2" not-null="true"/>
<property name="exchangeMode" column="EXCHANGE_MODE" type="string" length="100" not-null="true"/>
<property name="crossCurrencyAllowed" column="CROSS_CURRENCY_ALLOWED" type="yes_no" length="1" not-null="true"/>
<property name="crossCurrencyLoadAllowed" column="CROSS_CURRENCY_LOAD_ALLOWED" type="yes_no" length="1" not-null="true"/>
<property name="crossCurrencyRedeemAllowed" column="CROSS_CURRENCY_REDEEM_ALLOWED" type="yes_no" length="1" not-null="true"/>
<property name="cardAllowedInForeignCounty" column="CARD_ALLOWED_FOREIGN_COUNTRY" type="yes_no" length="1" not-null="true"/>
<set name="exchangeRates" inverse="true">
<key column="COUNTRY_ID" not-null="true"/>
<one-to-many class="com.ikea.ebccardpay1.cardpayment.be.ExchangeRate"/>
</set>
<set name="mainCurrencies" inverse="true" fetch="join">
<key column="COUNTRY_ID" not-null="true"/>
<one-to-many class="com.ikea.ebccardpay1.cardpayment.be.MainCurrency"/>
</set>
</class>
</hibernate-mapping>
