<?xml version = "1.0" encoding = "utf-8"?>
<!DOCTYPE hibernate-mapping PUBLIC 
"-//Hibernate/Hibernate Mapping DTD//EN"
"http://www.hibernate.org/dtd/hibernate-mapping-3.0.dtd"> 
<hibernate-mapping package="com.ikea.ebccardpay1.cardpayment.be">
<class name="ExchangeRate" table="EXCHANGE_RATE_T" optimistic-lock="version">
<id name="exchangeRateId" column="EXCHANGE_RATE_ID" type="long">
<generator class="com.ikea.mdsd.HibernateIdGenerator">
<param name="tableName">EXCHANGE_RATE_T</param>
</generator>
</id>
<version name="versionNo" column="VERSION_NO"/>
<property name="createdBy" column="CREATED_BY" update="false" not-null="true"/>
<property name="createdDateTime" column="CREATED_DATE_TIME" type="timestamp" update="false" not-null="true"/>
<property name="updatedBy" column="UPDATED_BY"/>
<property name="updatedDateTime" column="UPDATED_DATE_TIME" type="timestamp"/>
<property name="fromDate" column="FROM_DATE" type="date" not-null="true"/>
<property name="fromCurrencyCode" column="FROM_CURRENCY_CODE" type="string" length="3" not-null="true"/>
<property name="toCurrencyCode" column="TO_CURRENCY_CODE" type="string" length="3" not-null="true"/>
<property name="exchangeRate" column="EXCHANGE_RATE" type="big_decimal" precision="18" scale="4" not-null="true"/>
<many-to-one name="country" class="com.ikea.ebccardpay1.cardpayment.be.Country">
<column name="COUNTRY_ID" not-null="true"/>
</many-to-one>
</class>
</hibernate-mapping>
