<?xml version = "1.0" encoding = "utf-8"?>
<!DOCTYPE hibernate-mapping PUBLIC 
"-//Hibernate/Hibernate Mapping DTD//EN"
"http://www.hibernate.org/dtd/hibernate-mapping-3.0.dtd"> 
<hibernate-mapping package="com.ikea.ebccardpay1.cardpayment.be">
<class name="ExternalCardSystem" table="EXTERNAL_CARD_SYSTEM_T" optimistic-lock="version">
<id name="externalCardSystemId" column="EXTERNAL_CARD_SYSTEM_ID" type="long">
<generator class="com.ikea.mdsd.HibernateIdGenerator">
<param name="tableName">EXTERNAL_CARD_SYSTEM_T</param>
</generator>
</id>
<version name="versionNo" column="VERSION_NO"/>
<property name="createdBy" column="CREATED_BY" update="false" not-null="true"/>
<property name="createdDateTime" column="CREATED_DATE_TIME" type="timestamp" update="false" not-null="true"/>
<property name="updatedBy" column="UPDATED_BY"/>
<property name="updatedDateTime" column="UPDATED_DATE_TIME" type="timestamp"/>
<property name="name" column="NAME" type="string" length="100" not-null="true"/>
<property name="countryCode" column="COUNTRY_CODE" type="string" length="2" not-null="true"/>
<property name="amountType" column="AMOUNT_TYPE" type="string" length="100" not-null="true"/>
<property name="cardNumberPattern" column="CARD_NUMBER_PATTERN" type="string" length="100" not-null="false"/>
<property name="currentAccountNumber" column="CURRENT_ACCOUNT_NUMBER" type="long" not-null="true"/>
<property name="initialAccountNumber" column="INITIAL_ACCOUNT_NUMBER" type="long" not-null="true"/>
<property name="maxAccountNumber" column="MAX_ACCOUNT_NUMBER" type="long" not-null="true"/>
<property name="issuer" column="ISSUER" type="string" length="100" not-null="true"/>
<property name="cardTypeDigit" column="CARD_TYPE_DIGIT" type="integer" length="1" precision="1" scale="0" not-null="true"/>
<property name="importState" column="IMPORT_STATE" type="string" length="100" not-null="true"/>
<set name="externalCards" inverse="true">
<key column="EXTERNAL_CARD_SYSTEM_ID" not-null="true"/>
<one-to-many class="com.ikea.ebccardpay1.cardpayment.be.ExternalCard"/>
</set>
</class>
</hibernate-mapping>
