<?xml version = "1.0" encoding = "utf-8"?>
<!DOCTYPE hibernate-mapping PUBLIC 
"-//Hibernate/Hibernate Mapping DTD//EN"
"http://www.hibernate.org/dtd/hibernate-mapping-3.0.dtd"> 
<hibernate-mapping package="com.ikea.ebccardpay1.cardpayment.be">
<class name="ExternalTempCard" table="EXTERNAL_TEMP_CARD_T" optimistic-lock="version">
<id name="externalTempCardId" column="EXTERNAL_TEMP_CARD_ID" type="long">
<generator class="com.ikea.mdsd.HibernateIdGenerator">
<param name="tableName">EXTERNAL_TEMP_CARD_T</param>
</generator>
</id>
<version name="versionNo" column="VERSION_NO"/>
<property name="createdBy" column="CREATED_BY" update="false" not-null="true"/>
<property name="createdDateTime" column="CREATED_DATE_TIME" type="timestamp" update="false" not-null="true"/>
<property name="updatedBy" column="UPDATED_BY"/>
<property name="updatedDateTime" column="UPDATED_DATE_TIME" type="timestamp"/>
<property name="cardNumberString" column="CARD_NUMBER_STRING" type="string" length="100" not-null="true"/>
<property name="balance" column="BALANCE" type="big_decimal" precision="18" scale="2" not-null="true"/>
<property name="currencyCode" column="CURRENCY_CODE" type="string" length="3" not-null="true"/>
<property name="buType" column="BU_TYPE" type="string" length="3" not-null="false"/>
<property name="buCode" column="BU_CODE" type="string" length="5" not-null="false"/>
<property name="importedRow" column="IMPORTED_ROW" type="string" length="1000" not-null="false"/>
<property name="importedFile" column="IMPORTED_FILE" type="string" length="1000" not-null="false"/>
<property name="status" column="STATUS" type="string" length="10" not-null="true"/>
<property name="externalCardSystem" column="EXTERNAL_CARD_SYSTEM" type="string" length="15" not-null="true"/>
<property name="ikeaCardType" column="IKEA_CARD_TYPE" type="string" length="10" not-null="true"/>
<property name="errorMessage" column="ERROR_MESSAGE" type="string" length="1000" not-null="false"/>
</class>
</hibernate-mapping>
