<?xml version = "1.0" encoding = "utf-8"?>
<!DOCTYPE hibernate-mapping PUBLIC 
"-//Hibernate/Hibernate Mapping DTD//EN"
"http://www.hibernate.org/dtd/hibernate-mapping-3.0.dtd"> 
<hibernate-mapping package="com.ikea.ebccardpay1.cardpayment.be">
     <class name="IpayBusinessUnits" table="IPAY_BUSINESSUNITS_T" optimistic-lock="version">
          <composite-id name="Id" class="com.ikea.ebccardpay1.cardpayment.be.IpayBusinessUnitsId">
               <key-property name="buType" column="BU_TYPE" type="string" length="3"/>
               <key-property name="buCode" column="BU_CODE" type="string" length="5"/>
          </composite-id>
          <version name="versionNo" column="VERSION_NO"/>
          <property name="createdBy" column="CREATED_BY" update="false" not-null="true"/>
          <property name="createdDateTime" column="CREATED_DATE_TIME" type="timestamp" update="false" not-null="true"/>
          <property name="updatedBy" column="UPDATED_BY"/>
          <property name="updatedDateTime" column="UPDATED_DATE_TIME" type="timestamp"/>
          <property name="buName" column="BU_NAME" type="string" length="100" not-null="true"/>
          <property name="countryCode" column="COUNTRY_CODE" type="string" length="2" not-null="true"/>
          <property name="companyCode" column="COMPANY_CODE" type="string" length="5" not-null="false"/>
          <property name="companyName" column="COMPANY_NAME" type="string" length="100" not-null="false"/>
          <property name="timeZone" column="TIMEZONE" type="string" length="100" not-null="true"/>
          <property name="breakHour" column="BREAK_HOUR" type="string" length="100" not-null="false"/>
          <set name="kpi" inverse="true" cascade="none" fetch="select" lazy="true">
               <key>
               		<column name="BU_TYPE"/>
                	<column name="BU_CODE"/>
               </key>
               <one-to-many class="com.ikea.ebccardpay1.cardpayment.be.KPI"/>
          </set>
          <set name="kpi2" inverse="true" cascade="none" fetch="select" lazy="true">
               <key>
               		<column name="FROM_BU_TYPE"/>
                	<column name="FROM_BU_CODE"/>
               </key>
               <one-to-many class="com.ikea.ebccardpay1.cardpayment.be.KPI"/>
          </set>
          <set name="amount" inverse="true" cascade="none" fetch="select" lazy="true">
               <key>
               		<column name="BU_TYPE"/>
                	<column name="BU_CODE"/>
               </key>
               <one-to-many class="com.ikea.ebccardpay1.cardpayment.be.Amount"/>
          </set>
     </class>
</hibernate-mapping>
