<?xml version = "1.0" encoding = "utf-8"?>
<!DOCTYPE hibernate-mapping PUBLIC 
"-//Hibernate/Hibernate Mapping DTD//EN"
"http://www.hibernate.org/dtd/hibernate-mapping-3.0.dtd"> 
<hibernate-mapping package="com.ikea.ebccardpay1.cardpayment.be">
     <class name="IpaySarecFTP" table="IPAY_SAREC_FTP_T" optimistic-lock="version">
          <id name="sarecId" column="SAREC_ID" type="long">
               <generator class="com.ikea.mdsd.HibernateIdGenerator">
                    <param name="tableName">IPAY_SAREC_FTP_T</param>
               </generator>
          </id>
          <version name="versionNo" column="VERSION_NO"/>
          <property name="sarecServer" column="SAREC_SERVER" update="false" not-null="true"/>
          <property name="sarecUser" column="SAREC_USER" update="false" not-null="true"/>
          <property name="sarecPassword" column="SAREC_PASSWORD" update="false" not-null="true"/>
          <property name="sarecPort" column="SAREC_PORT" update="false" not-null="true"/>
          <property name="sarecPrivateKeyFile" column="SAREC_PRIVATE_KEY_FILE"/>
          <property name="sarecFTPLocation" column="SAREC_FTP_LOCATION" update="false" not-null="true"/>
          <property name="createdDateTime" column="CREATED_DATE_TIME" type="timestamp" update="false" not-null="true"/>
          <property name="updatedDateTime" column="UPDATED_DATE_TIME" type="timestamp"/>
          <property name="createdBy" column="CREATED_BY" update="false" not-null="true"/>
          <property name="updatedBy" column="UPDATED_BY"/>
          <property name="sarecDecommission" column="SAREC_DECOMMISSION"/>
          
     </class>
</hibernate-mapping>
