<?xml version = "1.0" encoding = "utf-8"?>
<!DOCTYPE hibernate-mapping PUBLIC 
"-//Hibernate/Hibernate Mapping DTD//EN"
"http://www.hibernate.org/dtd/hibernate-mapping-3.0.dtd"> 
<hibernate-mapping package="com.ikea.ebccardpay1.cardpayment.be">
     <class name="IpaySarecReport" table="IPAY_SAREC_REPORT_T" optimistic-lock="version">
          <id name="reportId" column="REPORT_ID" type="long">
               <generator class="com.ikea.mdsd.HibernateIdGenerator">
                    <param name="tableName">IPAY_SAREC_REPORT_T</param>
               </generator>
          </id>
          <version name="versionNo" column="VERSION_NO"/>
          <property name="buCode" column="BU_CODE" update="false" not-null="true"/>
          <property name="buType" column="BU_TYPE" update="false" not-null="true"/>
          <property name="salesDate" column="SALES_DATE" update="false" not-null="true"/>
          <property name="status" column="STATUS" not-null="true"/>
          <property name="createdDateTime" column="CREATED_DATE_TIME" type="timestamp" update="false" not-null="true"/>
          <property name="updatedDateTime" column="UPDATED_DATE_TIME" type="timestamp"/>
          <property name="createdBy" column="CREATED_BY" update="false" not-null="true"/>
          <property name="updatedBy" column="UPDATED_BY"/>
          <property name="sarecFile" column="SAREC_FILE"/>
          <property name="s4hanaFile" column="S4HANA_FILE"/>
          
     </class>
</hibernate-mapping>
