<?xml version = "1.0" encoding = "utf-8"?>
<!DOCTYPE hibernate-mapping PUBLIC 
"-//Hibernate/Hibernate Mapping DTD//EN"
"http://www.hibernate.org/dtd/hibernate-mapping-3.0.dtd"> 
<hibernate-mapping package="com.ikea.ebccardpay1.cardpayment.be">
	<class name="JobCreatorSchedule" table="JOB_CREATOR_SCHEDULE_T" optimistic-lock="version">
		<id name="jobCreatorScheduleId" column="JOB_CREATOR_SCHEDULE_ID" type="long">
			<generator class="com.ikea.mdsd.HibernateIdGenerator">
				<param name="tableName">JOB_CREATOR_SCHEDULE_T</param>
			</generator>
		</id>
		
		<version name="versionNo" column="VERSION_NO" />
		<property name="createdBy" column="CREATED_BY" update="false" not-null="true" />
		<property name="createdDateTime" column="CREATED_DATE_TIME" type="timestamp" update="false" not-null="true" />
		<property name="updatedBy" column="UPDATED_BY" />
		<property name="updatedDateTime" column="UPDATED_DATE_TIME" type="timestamp" />
		<property name="jobName" column="JOB_NAME" type="string" length="100" not-null="true" unique="true" />
		<property name="cronTab" column="CRON_TAB" type="string" length="100" not-null="true" />
	</class>
</hibernate-mapping>
