<?xml version = "1.0" encoding = "utf-8"?>
<!DOCTYPE hibernate-mapping PUBLIC 
"-//Hibernate/Hibernate Mapping DTD//EN"
"http://www.hibernate.org/dtd/hibernate-mapping-3.0.dtd"> 
<hibernate-mapping package="com.ikea.ebccardpay1.cardpayment.be">
     <class name="KPI" table="KPI_T" optimistic-lock="version">
          <id name="kpiId" column="KPI_ID" type="long">
               <generator class="com.ikea.mdsd.HibernateIdGenerator">
                    <param name="tableName">KPI_T</param>
               </generator>
          </id>
          <version name="versionNo" column="VERSION_NO"/>
          <property name="createdBy" column="CREATED_BY" update="false" not-null="true"/>
          <property name="createdDateTime" column="CREATED_DATE_TIME" type="timestamp" update="false" not-null="true"/>
          <property name="updatedBy" column="UPDATED_BY"/>
          <property name="updatedDateTime" column="UPDATED_DATE_TIME" type="timestamp"/>
          <property name="kpiType" column="KPI_TYPE" type="string" length="100" not-null="true"/>
          <property name="kpiInterval" column="KPI_INTERVAL" type="string" length="10" not-null="true"/>
          <property name="cardType" column="CARD_TYPE" type="string" length="100" not-null="false"/>
          <property name="fromCountryCode" column="FROM_COUNTRY_CODE" type="string" length="2" not-null="false"/>
          <property name="buType" column="BU_TYPE" type="string" length="3" not-null="false" insert="false" update="false"/>
          <property name="buCode" column="BU_CODE" type="string" length="5" not-null="false" insert="false" update="false"/>
          <property name="fromCurrencyCode" column="FROM_CURRENCY_CODE" type="string" length="3" not-null="false"/>
          <property name="employee" column="EMPLOYEE" type="string" length="100" not-null="false"/>
          <property name="creditAmount" column="CREDIT_AMOUNT" type="big_decimal" precision="18" scale="2" not-null="true"/>
          <property name="debitAmount" column="DEBIT_AMOUNT" type="big_decimal" precision="18" scale="2" not-null="true"/>
          <property name="creditCount" column="CREDIT_COUNT" type="long" not-null="false"/>
          <property name="debitCount" column="DEBIT_COUNT" type="long" not-null="false"/>
          <property name="sourceSystem" column="SOURCE_SYSTEM" type="string" length="100" not-null="false"/>
          <property name="toCountryCode" column="TO_COUNTRY_CODE" type="string" length="2" not-null="false"/>
          <property name="toCurrencyCode" column="TO_CURRENCY_CODE" type="string" length="3" not-null="false"/>
          <property name="kpiTimeZone" column="KPI_TIME_ZONE" type="string" length="100" not-null="true"/>
          <property name="cardDebitAmount" column="CARD_DEBIT_AMOUNT" type="big_decimal" precision="18" scale="2" not-null="true"/>
          <property name="cardCreditAmount" column="CARD_CREDIT_AMOUNT" type="big_decimal" precision="18" scale="2" not-null="true"/>
          <property name="fromBuType" column="FROM_BU_TYPE" type="string" length="3" not-null="false" insert="false" update="false"/>
          <property name="fromBuCode" column="FROM_BU_CODE" type="string" length="5" not-null="false" insert="false" update="false"/>
          <many-to-one name="ipayBusinessUnits" class="com.ikea.ebccardpay1.cardpayment.be.IpayBusinessUnits">
               <column name="BU_TYPE" not-null="true"/>
               <column name="BU_CODE" not-null="true"/>
          </many-to-one>
          <many-to-one name="fromIpayBusinessUnits" class="com.ikea.ebccardpay1.cardpayment.be.IpayBusinessUnits">
               <column name="FROM_BU_TYPE" not-null="false"/>
               <column name="FROM_BU_CODE" not-null="false"/>
          </many-to-one>
     </class>
</hibernate-mapping>
