<?xml version = "1.0" encoding = "utf-8"?>
<!DOCTYPE hibernate-mapping PUBLIC 
"-//Hibernate/Hibernate Mapping DTD//EN"
"http://www.hibernate.org/dtd/hibernate-mapping-3.0.dtd"> 
<hibernate-mapping package="com.ikea.ebccardpay1.cardpayment.be">
<class name="LifeCycle" table="LIFE_CYCLE_T" optimistic-lock="version">
<id name="lifeCycleId" column="LIFE_CYCLE_ID" type="long">
<generator class="com.ikea.mdsd.HibernateIdGenerator">
<param name="tableName">LIFE_CYCLE_T</param>
</generator>
</id>
<version name="versionNo" column="VERSION_NO"/>
<property name="createdBy" column="CREATED_BY" update="false" not-null="true"/>
<property name="createdDateTime" column="CREATED_DATE_TIME" type="timestamp" update="false" not-null="true"/>
<property name="updatedBy" column="UPDATED_BY"/>
<property name="updatedDateTime" column="UPDATED_DATE_TIME" type="timestamp"/>
<property name="lifeCycleType" column="LIFE_CYCLE_TYPE" type="string" length="100" not-null="true"/>
<property name="prevState" column="PREV_STATE" type="string" length="100" not-null="false"/>
<property name="nextState" column="NEXT_STATE" type="string" length="100" not-null="true"/>
<property name="sourceSystem" column="SOURCE_SYSTEM" type="string" length="100" not-null="false"/>
<property name="buType" column="BU_TYPE" type="string" length="3" not-null="false"/>
<property name="buCode" column="BU_CODE" type="string" length="5" not-null="false"/>
<property name="description" column="DESCRIPTION" type="string" length="1000" not-null="false"/>
<many-to-one name="card" class="com.ikea.ebccardpay1.cardpayment.be.Card">
<column name="CARD_ID" not-null="true"/>
</many-to-one>
</class>
</hibernate-mapping>
