<?xml version = "1.0" encoding = "utf-8"?>
<!DOCTYPE hibernate-mapping PUBLIC 
"-//Hibernate/Hibernate Mapping DTD//EN"
"http://www.hibernate.org/dtd/hibernate-mapping-3.0.dtd"> 
<hibernate-mapping package="com.ikea.ebccardpay1.cardpayment.be">
<class name="MassLoad" table="MASS_LOAD_T" optimistic-lock="version">
<id name="massLoadId" column="MASS_LOAD_ID" type="long">
<generator class="com.ikea.mdsd.HibernateIdGenerator">
<param name="tableName">MASS_LOAD_T</param>
</generator>
</id>
<version name="versionNo" column="VERSION_NO"/>
<property name="createdBy" column="CREATED_BY" update="false" not-null="true"/>
<property name="createdDateTime" column="CREATED_DATE_TIME" type="timestamp" update="false" not-null="true"/>
<property name="updatedBy" column="UPDATED_BY"/>
<property name="updatedDateTime" column="UPDATED_DATE_TIME" type="timestamp"/>
<property name="name" column="NAME" type="string" length="100" not-null="true"/>
<property name="amount" column="AMOUNT" type="big_decimal" precision="18" scale="2" not-null="true"/>
<property name="currencyCode" column="CURRENCY_CODE" type="string" length="3" not-null="true"/>
<property name="authorizedDateTime" column="AUTHORIZED_DATE_TIME" type="timestamp" not-null="false"/>
<property name="authorizedBy" column="AUTHORIZED_BY" type="string" length="100" not-null="false"/>
<property name="releasedDateTime" column="RELEASED_DATE_TIME" type="timestamp" not-null="false"/>
<property name="releasedBy" column="RELEASED_BY" type="string" length="100" not-null="false"/>
<property name="withdrawnDateTime" column="WITHDRAWN_DATE_TIME" type="timestamp" not-null="false"/>
<property name="withdrawnBy" column="WITHDRAWN_BY" type="string" length="100" not-null="false"/>
<property name="massLoadState" column="MASS_LOAD_STATE" type="string" length="100" not-null="true"/>
<property name="wishedMassLoadState" column="WISHED_MASS_LOAD_STATE" type="string" length="100" not-null="false"/>
<property name="wishedUserId" column="WISHED_USER_ID" type="string" length="100" not-null="false"/>
<property name="countryCode" column="COUNTRY_CODE" type="string" length="2" not-null="true"/>
<property name="lockCount" column="LOCK_COUNT" type="long" not-null="false"/>
<property name="lockMessages" column="LOCK_MESSAGES" type="string" length="1000" not-null="false"/>
<property name="amountType" column="AMOUNT_TYPE" type="string" length="100" not-null="true"/>
<property name="buType" column="BU_TYPE" type="string" length="3" not-null="true"/>
<property name="buCode" column="BU_CODE" type="string" length="5" not-null="true"/>
<property name="fromCardNumberString" column="FROM_CARD_NUMBER_STRING" type="string" length="19" not-null="true"/>
<property name="untilCardNumberString" column="UNTIL_CARD_NUMBER_STRING" type="string" length="19" not-null="true"/>
<property name="currentCardNumberId" column="CURRENT_CARD_NUMBER_ID" type="long" not-null="false"/>
<property name="reasonCode" column="REASON_CODE_ID" type="int" not-null="false"/>
<property name="customerType" column="CUSTOMER_TYPE" type="string" not-null="false"/>
<property name="companyName" column="COMPANY_NAME" type="string" not-null="false"/>
<many-to-one name="range" class="com.ikea.ebccardpay1.cardpayment.be.Range">
<column name="RANGE_ID" unique="true"/>
</many-to-one>
<set name="amounts" inverse="true">
<key column="MASS_LOAD_ID"/>
<one-to-many class="com.ikea.ebccardpay1.cardpayment.be.Amount"/>
</set>
<set name="transactions" inverse="true">
<key column="MASS_LOAD_ID"/>
<one-to-many class="com.ikea.ebccardpay1.cardpayment.be.Transaction"/>
</set>
<many-to-one name="bonusCode" class="com.ikea.ebccardpay1.cardpayment.be.BonusCode" fetch="join">
<column name="BONUS_CODE_ID"/>
</many-to-one>
<!-- <many-to-one name="reasonCode" class="com.ikea.ebccardpay1.cardpayment.be.ReasonCode" fetch="join">
<column name="REASON_CODE_ID"/>
</many-to-one> -->
</class>
</hibernate-mapping>
