<?xml version = "1.0" encoding = "utf-8"?>
<!DOCTYPE hibernate-mapping PUBLIC 
"-//Hibernate/Hibernate Mapping DTD//EN"
"http://www.hibernate.org/dtd/hibernate-mapping-3.0.dtd"> 
<hibernate-mapping package="com.ikea.ebccardpay1.cardpayment.be">
     <class name="Message" table="MESSAGE_T" optimistic-lock="version">
          <id name="messageId" column="MESSAGE_ID" type="long">
               <generator class="com.ikea.mdsd.HibernateIdGenerator">
                    <param name="tableName">MESSAGE_T</param>
               </generator>
          </id>
          <property name="message" column="MESSAGE"/>
          <property name="createdDateTime" column="CREATED_DATE_TIME" type="timestamp" update="false" not-null="true"/>
          <property name="updatedDateTime" column="UPDATED_DATE_TIME" type="timestamp"/>
          <property name="createdBy" column="CREATED_BY" update="false" not-null="true"/>
          <property name="updatedBy" column="UPDATED_BY"/>
     </class>
</hibernate-mapping>
