<?xml version = "1.0" encoding = "utf-8"?>
<!DOCTYPE hibernate-mapping PUBLIC 
"-//Hibernate/Hibernate Mapping DTD//EN"
"http://www.hibernate.org/dtd/hibernate-mapping-3.0.dtd"> 
<hibernate-mapping package="com.ikea.ebccardpay1.cardpayment.be">
	<class name="MultipleSingleLoad" table="MULTIPLE_SINGLE_LOAD_T" optimistic-lock="version">
		<id name="multipleSingleLoadId" column="MULTIPLE_SINGLE_LOAD_ID" type="long">
			<generator class="com.ikea.mdsd.HibernateIdGenerator">
				<param name="tableName">MULTIPLE_SINGLE_LOAD_T</param>
			</generator>
		</id>
		<version name="versionNo" column="VERSION_NO" />
		<property name="createdBy" column="CREATED_BY" update="false" not-null="true" />
		<property name="createdDateTime" column="CREATED_DATE_TIME" type="timestamp" update="false"
			not-null="true" />
		<property name="updatedBy" column="UPDATED_BY" />
		<property name="updatedDateTime" column="UPDATED_DATE_TIME" type="timestamp" />
		<property name="name" column="NAME" type="string" length="100" not-null="true" />
		<property name="currencyCode" column="CURRENCY_CODE" type="string" length="3" not-null="true" />
		<property name="authorizedDateTime" column="AUTHORIZED_DATE_TIME" type="timestamp"
			not-null="false" />
		<property name="authorizedBy" column="AUTHORIZED_BY" type="string" length="100" not-null="false" />
		<property name="countryCode" column="COUNTRY_CODE" type="string" length="2" not-null="true" />
		<property name="initiatedCount" column="INITIATED_COUNT" type="long" not-null="true" />
		<property name="initiatedAmount" column="INITIATED_AMOUNT" type="big_decimal" precision="18" scale="2" not-null="true" />
		<property name="initiateErrorMessages" column="INITIATE_ERROR_MESSAGES" type="string" length="4000"
			not-null="false" />
		<property name="amountType" column="AMOUNT_TYPE" type="string" length="100" not-null="true" />
		<property name="buType" column="BU_TYPE" type="string" length="3" not-null="true" />
		<property name="buCode" column="BU_CODE" type="string" length="5" not-null="true" />
		<property name="expiryDate" column="EXPIRE_DATE" type="date" not-null="false"/>
		<property name="withdrawDateTime" column="WITHDRAWN_DATE_TIME" type="timestamp" not-null="false"/>
		<property name="withdrawBy" column="WITHDRAWN_BY" type="string" length="100" not-null="false"/>
		<property name="reasonCode" column="REASON_CODE_ID" type="int" not-null="false"/>
		<property name="customerType" column="CUSTOMER_TYPE" type="string" not-null="false"/>
		<property name="companyName" column="COMPANY_NAME" type="string" not-null="false"/>
		<set name="amounts" inverse="true">
			<key column="MULTIPLE_SINGLE_LOAD_ID" />
			<one-to-many class="com.ikea.ebccardpay1.cardpayment.be.Amount" />
		</set>
	</class>
</hibernate-mapping>
