<?xml version = "1.0" encoding = "utf-8"?>
<!DOCTYPE hibernate-mapping PUBLIC 
"-//Hibernate/Hibernate Mapping DTD//EN"
"http://www.hibernate.org/dtd/hibernate-mapping-3.0.dtd"> 
<hibernate-mapping package="com.ikea.ebccardpay1.cardpayment.be">
<class name="Parameter" table="PARAMETER_T" optimistic-lock="version">
<id name="parameterId" column="PARAMETER_ID" type="long">
<generator class="com.ikea.mdsd.HibernateIdGenerator">
<param name="tableName">PARAMETER_T</param>
</generator>
</id>
<version name="versionNo" column="VERSION_NO"/>
<property name="createdBy" column="CREATED_BY" update="false" not-null="true"/>
<property name="createdDateTime" column="CREATED_DATE_TIME" type="timestamp" update="false" not-null="true"/>
<property name="updatedBy" column="UPDATED_BY"/>
<property name="updatedDateTime" column="UPDATED_DATE_TIME" type="timestamp"/>
<property name="parameterType" column="PARAMETER_TYPE" type="string" length="100" not-null="true"/>
<property name="mandatory" column="MANDATORY" type="yes_no" length="1" not-null="true"/>
<property name="sortOrder" column="SORT_ORDER" type="integer" not-null="true"/>
<property name="allowList" column="ALLOW_LIST" type="yes_no" length="1" not-null="true"/>
<property name="restrictions" column="RESTRICTIONS" type="string" length="100" not-null="false"/>
<many-to-one name="report" class="com.ikea.ebccardpay1.cardpayment.be.Report" fetch="join" lazy="false">
<column name="REPORT_ID" not-null="true"/>
</many-to-one>
</class>
</hibernate-mapping>
