<?xml version = "1.0" encoding = "utf-8"?>
<!DOCTYPE hibernate-mapping PUBLIC 
"-//Hibernate/Hibernate Mapping DTD//EN"
"http://www.hibernate.org/dtd/hibernate-mapping-3.0.dtd"> 
<hibernate-mapping package="com.ikea.ebccardpay1.cardpayment.be">
	<class name="Range" table="RANGE_T" optimistic-lock="version">
		<id name="rangeId" column="RANGE_ID" type="long">
			<generator class="com.ikea.mdsd.HibernateIdGenerator">
				<param name="tableName">RANGE_T</param>
			</generator>
		</id>
		<version name="versionNo" column="VERSION_NO" />
		<property name="createdBy" column="CREATED_BY" update="false" not-null="true" />
		<property name="createdDateTime" column="CREATED_DATE_TIME" type="timestamp" update="false" not-null="true" />
		<property name="updatedBy" column="UPDATED_BY" />
		<property name="updatedDateTime" column="UPDATED_DATE_TIME" type="timestamp" />
		<property name="name" column="NAME" type="string" length="100" not-null="false" />
		<property name="header" column="HEADER" type="string" length="1000" not-null="false" />
		<property name="fileName" column="FILE_NAME" type="string" length="100" not-null="false" />
		<property name="count" column="COUNT" type="long" not-null="false" />
		<property name="checksum" column="CHECKSUM" type="long" not-null="false" />
		<property name="countryCode" column="COUNTRY_CODE" type="string" length="2" not-null="false" />
		<property name="importState" column="IMPORT_STATE" type="string" length="100" not-null="true" />
		<set name="cardNumbers" inverse="false" table="CARD_NUMBER_RANGE_T">
			<key column="RANGE_ID" not-null="true" />
			<many-to-many class="com.ikea.ebccardpay1.cardpayment.be.CardNumber" column="CARD_NUMBER_ID" />
		</set>
		<one-to-one name="massLoad" class="com.ikea.ebccardpay1.cardpayment.be.MassLoad"
			property-ref="range" />
		<set name="campaigns" inverse="true" table="CAMPAIGN_RANGE_T">
			<key column="RANGE_ID" not-null="true" />
			<many-to-many class="com.ikea.ebccardpay1.cardpayment.be.Campaign" column="CAMPAIGN_ID" />
		</set>
		<one-to-one name="activation" class="com.ikea.ebccardpay1.cardpayment.be.Activation" cascade="all" fetch="join" lazy="false" property-ref="range" />
	</class>
</hibernate-mapping>
