<?xml version = "1.0" encoding = "utf-8"?>
<!DOCTYPE hibernate-mapping PUBLIC 
"-//Hibernate/Hibernate Mapping DTD//EN"
"http://www.hibernate.org/dtd/hibernate-mapping-3.0.dtd"> 
<hibernate-mapping package="com.ikea.ebccardpay1.cardpayment.be">
<class name="ReasonCode" table="REASON_CODE_T" optimistic-lock="version">
<id name="reasonCodeId" column="REASON_CODE_ID" type="long">
<generator class="com.ikea.mdsd.HibernateIdGenerator">
<param name="tableName">REASON_CODE_T</param>
</generator>
</id>
<property name="createdBy" column="CREATED_BY" update="false" not-null="true"/>
<property name="createdDateTime" column="CREATED_DATE_TIME" type="timestamp" update="false" not-null="true"/>
<property name="updatedBy" column="UPDATED_BY"/>
<property name="updatedDateTime" column="UPDATED_DATE_TIME" type="timestamp"/>
<property name="loadReasonDescription" column="LOAD_REASON_DESCRIPTION" type="string" length="100" not-null="false"/>
<property name="redeemReasonDescription" column="REDEEM_REASON_DESCRIPTION" type="string" length="100" not-null="false"/>
<property name="description" column="DESCRIPTION" type="string" length="100" not-null="false"/>
<!-- <set name="transactions" inverse="true" table="REASON_CODE_TRANSACTION_T">
<key column="REASON_CODE_ID" not-null="true"/>
<many-to-many class="com.ikea.ebccardpay1.cardpayment.be.Transaction" column="TRANSACTION_ID"/>
</set> -->
<!-- <set name="massLoad" inverse="true">
<key column="REASON_CODE_ID"/>
<one-to-many class="com.ikea.ebccardpay1.cardpayment.be.MassLoad"/>
</set> -->
<set name="multipleSingleLoad" inverse="true">
<key column="REASON_CODE_ID"/>
<one-to-many class="com.ikea.ebccardpay1.cardpayment.be.MultipleSingleLoad"/>
</set>
</class>
</hibernate-mapping>
