<?xml version = "1.0" encoding = "utf-8"?>
<!DOCTYPE hibernate-mapping PUBLIC 
"-//Hibernate/Hibernate Mapping DTD//EN"
"http://www.hibernate.org/dtd/hibernate-mapping-3.0.dtd"> 
<hibernate-mapping package="com.ikea.ebccardpay1.cardpayment.be">
<class name="ReasonCodeTransaction" table="REASON_CODE_TRANSACTION_T" optimistic-lock="version">
<id name="transactionId" column="TRANSACTION_ID" type="long"></id>
<property name="reasonCodeId" column="REASON_CODE_ID" type="int" length="10" not-null="false"/>
<property name="customerType" column="CUSTOMER_TYPE" type="string" not-null="false"/>
<property name="companyName" column="COMPANY_NAME" type="string" not-null="false"/>
<property name="thirdPartySales" column="THIRD_PARTY_SALES" type="yes_no" length="1" not-null="false"/>
</class>
</hibernate-mapping>
