<?xml version = "1.0" encoding = "utf-8"?>
<!DOCTYPE hibernate-mapping PUBLIC 
"-//Hibernate/Hibernate Mapping DTD//EN"
"http://www.hibernate.org/dtd/hibernate-mapping-3.0.dtd"> 
<hibernate-mapping package="com.ikea.ebccardpay1.cardpayment.be">
<class name="ReferenceCheck" table="REFERENCE_CHECK_T" optimistic-lock="version">
<id name="referenceCheckId" column="REFERENCE_CHECK_ID" type="long">
<generator class="com.ikea.mdsd.HibernateIdGenerator">
<param name="tableName">REFERENCE_CHECK_T</param>
</generator>
</id>
<version name="versionNo" column="VERSION_NO"/>
<property name="createdBy" column="CREATED_BY" update="false" not-null="true"/>
<property name="createdDateTime" column="CREATED_DATE_TIME" type="timestamp" update="false" not-null="true"/>
<property name="updatedBy" column="UPDATED_BY"/>
<property name="updatedDateTime" column="UPDATED_DATE_TIME" type="timestamp"/>
<property name="reference" column="REFERENCE" type="string" length="100" not-null="true"/>
<property name="sourceSystem" column="SOURCE_SYSTEM" type="string" length="100" not-null="true"/>
<property name="salesDay" column="SALES_DAY" type="string" length="10" not-null="false"/>
<property name="buType" column="BU_TYPE" type="string" length="3" not-null="true"/>
<property name="buCode" column="BU_CODE" type="string" length="5" not-null="true"/>
<property name="pointOfSale" column="POINT_OF_SALE" type="string" length="100" not-null="true"/>
<property name="receipt" column="RECEIPT" type="string" length="100" not-null="true"/>
<property name="waitingAck" column="WAITING_ACK" type="yes_no" length="1" not-null="true"/>
<property name="transactionNo" column="TRANSACTION_NO" type="long" not-null="true"/>
<property name="cancelled" column="CANCELLED" type="yes_no" length="1" not-null="true"/>
<property name="ackTimeout" column="ACK_TIMEOUT" type="long"/>

<many-to-one name="card" class="com.ikea.ebccardpay1.cardpayment.be.Card">
<column name="CARD_ID" not-null="true"/>
</many-to-one>
</class>
</hibernate-mapping>
