<?xml version = "1.0" encoding = "utf-8"?>
<!DOCTYPE hibernate-mapping PUBLIC 
"-//Hibernate/Hibernate Mapping DTD//EN"
"http://www.hibernate.org/dtd/hibernate-mapping-3.0.dtd"> 
<hibernate-mapping package="com.ikea.ebccardpay1.cardpayment.be">
<class name="Report" table="REPORT_T" optimistic-lock="version">
<id name="reportId" column="REPORT_ID" type="long">
<generator class="com.ikea.mdsd.HibernateIdGenerator">
<param name="tableName">REPORT_T</param>
</generator>
</id>
<version name="versionNo" column="VERSION_NO"/>
<property name="createdBy" column="CREATED_BY" update="false" not-null="true"/>
<property name="createdDateTime" column="CREATED_DATE_TIME" type="timestamp" update="false" not-null="true"/>
<property name="updatedBy" column="UPDATED_BY"/>
<property name="updatedDateTime" column="UPDATED_DATE_TIME" type="timestamp"/>
<property name="groupName" column="GROUP_NAME" type="string" length="100" not-null="false"/>
<property name="name" column="NAME" type="string" length="100" not-null="true"/>
<property name="kpiReport" column="KPI_REPORT" type="yes_no" length="1" not-null="true"/>
<property name="sortOrder" column="SORT_ORDER" type="integer" not-null="true"/>
<property name="columns" column="COLUMNS" type="string" length="1000" not-null="true"/>
<property name="query1" column="QUERY_1" type="string" length="1000" not-null="true"/>
<property name="query2" column="QUERY_2" type="string" length="1000" not-null="true"/>
<property name="privilege" column="PRIVILEGE" type="string" length="100" not-null="false"/>
<set name="parameters" inverse="true" fetch="join">
<key column="REPORT_ID" not-null="true"/>
<one-to-many class="com.ikea.ebccardpay1.cardpayment.be.Parameter"/>
</set>
</class>
</hibernate-mapping>
