<?xml version = "1.0" encoding = "utf-8"?>
<!DOCTYPE hibernate-mapping PUBLIC 
"-//Hibernate/Hibernate Mapping DTD//EN"
"http://www.hibernate.org/dtd/hibernate-mapping-3.0.dtd"> 
<hibernate-mapping package="com.ikea.ebccardpay1.cardpayment.be">
<class name="TransactionFilter" table="TRANSACTION_FILTER_T" optimistic-lock="version">
<id name="transactionFilterId" column="TRANSACTION_FILTER_ID" type="long">
<generator class="com.ikea.mdsd.HibernateIdGenerator">
<param name="tableName">TRANSACTION_FILTER_T</param>
</generator>
</id>
<property name="voided" column="VOIDED" type="yes_no" length="1" not-null="true"/>
<property name="transactionNo" column="TRANSACTION_NO" type="long" not-null="true"/>
</class>
</hibernate-mapping>
