<?xml version = "1.0" encoding = "utf-8"?>
<!DOCTYPE hibernate-mapping PUBLIC 
"-//Hibernate/Hibernate Mapping DTD//EN"
"http://www.hibernate.org/dtd/hibernate-mapping-3.0.dtd"> 
<hibernate-mapping package="com.ikea.ebccardpay1.cardpayment.be">
<class name="Transaction" table="TRANSACTION_T" optimistic-lock="version">
<id name="transactionId" column="TRANSACTION_ID" type="long">
<generator class="com.ikea.mdsd.HibernateIdGenerator">
<param name="tableName">TRANSACTION_T</param>
</generator>
</id>
<version name="versionNo" column="VERSION_NO"/>
<property name="createdBy" column="CREATED_BY" update="false" not-null="true"/>
<property name="createdDateTime" column="CREATED_DATE_TIME" type="timestamp" update="false" not-null="true"/>
<property name="updatedBy" column="UPDATED_BY"/>
<property name="updatedDateTime" column="UPDATED_DATE_TIME" type="timestamp"/>
<property name="reference" column="REFERENCE" type="string" length="100" not-null="false"/>
<property name="balanceChange" column="BALANCE_CHANGE" type="big_decimal" precision="18" scale="2" not-null="true"/>
<property name="requestedAmount" column="REQUESTED_AMOUNT" type="big_decimal" precision="18" scale="2" not-null="true"/>
<property name="requestedCurrencyCode" column="REQUESTED_CURRENCY_CODE" type="string" length="3" not-null="true"/>
<property name="financialType" column="FINANCIAL_TYPE" type="string" length="100" not-null="true"/>
<property name="transactionType" column="TRANSACTION_TYPE" type="string" length="100" not-null="true"/>
<property name="sourceSystem" column="SOURCE_SYSTEM" type="string" length="100" not-null="true"/>
<property name="transmissionDateTime" column="TRANSMISSION_DATE_TIME" type="timestamp" not-null="true"/>
<property name="cancelled" column="CANCELLED" type="yes_no" length="1" not-null="true"/>
<property name="buType" column="BU_TYPE" type="string" length="3" not-null="true"/>
<property name="buCode" column="BU_CODE" type="string" length="5" not-null="true"/>
<property name="countryCode" column="COUNTRY_CODE" type="string" length="2" not-null="true"/>
<property name="swiped" column="SWIPED" type="string" length="100" not-null="true"/>
<property name="employee" column="EMPLOYEE" type="string" length="100" not-null="false"/>
<property name="transactionNo" column="TRANSACTION_NO" type="long" not-null="true"/>
<property name="insufficientAmount" column="INSUFFICIENT_AMOUNT" type="yes_no" length="1" not-null="true"/>
<property name="crossBorder" column="CROSS_BORDER" type="yes_no" length="1" not-null="true"/>
<property name="crossCurrency" column="CROSS_CURRENCY" type="yes_no" length="1" not-null="true"/>
<property name="salesDay" column="SALES_DAY" type="string" length="10" not-null="true"/>
<property name="cardBalanceChange" column="CARD_BALANCE_CHANGE" type="big_decimal" precision="18" scale="2" not-null="true"/>
<property name="totalAmount" column="TOTAL_AMOUNT" type="big_decimal" precision="18" scale="2" not-null="false"/>
<property name="pointOfSale" column="POINT_OF_SALE" type="string" length="100" not-null="false"/>
<property name="receipt" column="RECEIPT" type="string" length="100" not-null="false"/>
<property name="voidedTransactionNo" column="VOIDED_TRANSACTION_NO" type="long" not-null="true"/>
<many-to-one name="card" class="com.ikea.ebccardpay1.cardpayment.be.Card">
<column name="CARD_ID" not-null="true"/>
</many-to-one>
<many-to-one name="amount" class="com.ikea.ebccardpay1.cardpayment.be.Amount">
<column name="AMOUNT_ID"/>
</many-to-one>
<many-to-one name="campaign" class="com.ikea.ebccardpay1.cardpayment.be.Campaign">
<column name="CAMPAIGN_ID"/>
</many-to-one>
<many-to-one name="massLoad" class="com.ikea.ebccardpay1.cardpayment.be.MassLoad">
<column name="MASS_LOAD_ID"/>
</many-to-one>
<!-- <set name="reasonCodes" inverse="false" table="REASON_CODE_TRANSACTION_T">
<key column="TRANSACTION_ID" not-null="true" />
<many-to-many class="com.ikea.ebccardpay1.cardpayment.be.ReasonCode" column="REASON_CODE_ID" />
</set> -->
</class>
</hibernate-mapping>
