<?xml version = "1.0" encoding = "utf-8"?>
<!DOCTYPE hibernate-mapping PUBLIC 
"-//Hibernate/Hibernate Mapping DTD//EN"
"http://www.hibernate.org/dtd/hibernate-mapping-3.0.dtd"> 
<hibernate-mapping package="com.ikea.ebccardpay1.cardpayment.be">
<class name="UnacknowledgedTimeout" table="UNACKNOWLEDGED_TIMEOUT_T" optimistic-lock="version">

<id name="unacknowledgedTimeoutId" column="UNACKNOWLEDGED_TIMEOUT_ID" type="int"/>
<version name="versionNo" column="VERSION_NO"/>
<property name="buType" column="BU_TYPE" type="string" length="3" not-null="true"/>
<property name="buCode" column="BU_CODE" type="string" length="5" not-null="true"/>
<property name="sourceSystem" column="SOURCE_SYSTEM" type="string" length="100" not-null="true"/>
<property name="TimeoutSec" column="TIME_OUT_SEC" type="long" not-null="true"/>
<property name="createdBy" column="CREATED_BY" update="false" not-null="true"/>
<property name="createdDateTime" column="CREATED_DATE_TIME" type="timestamp" update="false" not-null="true"/>
<property name="updatedBy" column="UPDATED_BY"/>
<property name="updatedDateTime" column="UPDATED_DATE_TIME" type="timestamp"/>


<!--<many-to-one name="card" class="com.ikea.ebccardpay1.cardpayment.be.Card">
<column name="CARD_ID" not-null="true"/>
</many-to-one>
 -->
</class>
</hibernate-mapping>
