<?xml version="1.0" encoding="UTF-8"?>
<!DOCTYPE log4j:configuration SYSTEM "log4j.dtd">
<log4j:configuration xmlns:log4j="http://jakarta.apache.org/log4j/">
    <appender class="org.apache.log4j.RollingFileAppender" name="logfile">
        <param value="true" name="Append"/>
        <param value="log4j.log" name="File"/>
        <param value="10" name="MaxBackupIndex"/>
        <param value="5000KB" name="MaxFileSize"/>
        <layout class="org.apache.log4j.PatternLayout">
            <param value="%d{yyyy-MM-dd HH:mm:ss},%p,%c,%t,%C{1},%M %m%n" name="ConversionPattern"/>
        </layout>
    </appender>
    <logger name="com.ikea">
        <level value="debug"/>
        <appender-ref ref="logfile"/>
    </logger>
</log4j:configuration>