<assembly>
	<id>dist</id>
	<formats>
		<format>zip</format>
	</formats>
	<includeBaseDirectory>false</includeBaseDirectory>

	<dependencySets>
		<dependencySet>
          	<useProjectArtifact>true</useProjectArtifact>
			<outputDirectory>lib/</outputDirectory>
			<unpack>false</unpack>
            <scope>runtime</scope>
		</dependencySet>		
	</dependencySets>
	<files>
        <file>
            <source>target/${artifact.artifactId}-${artifact.version}.jar</source>
            <outputDirectory>/</outputDirectory>
        </file>
		<file>
			<source>${basedir}/src/main/assembly/resources/lib/wrapper.dll</source>
			<outputDirectory>lib/</outputDirectory>
		</file>
		<file>
			<source>${basedir}/src/main/assembly/resources/conf/wrapper.conf</source>
			<outputDirectory>conf/</outputDirectory>
			<filtered>true</filtered>
		</file>
		<file>
			<source>${basedir}/src/main/assembly/resources/bin/iBridge.bat</source>
			<outputDirectory>bin/</outputDirectory>
		</file>
		<file>
			<source>${basedir}/src/main/assembly/resources/bin/InstalliBridge-NT.bat</source>
			<outputDirectory>bin/</outputDirectory>
		</file>
		<file>
			<source>${basedir}/src/main/assembly/resources/bin/UninstalliBridge-NT.bat</source>
			<outputDirectory>bin/</outputDirectory>
		</file>
		<file>
			<source>${basedir}/src/main/assembly/resources/bin/wrapper.exe</source>
			<outputDirectory>bin/</outputDirectory>
		</file>
		<file>
			<source>${basedir}/src/main/assembly/resources/log/readme.txt</source>
			<outputDirectory>log/</outputDirectory>
		</file>
		<file>
			<source>${basedir}/src/main/resources/countries.xml</source>
			<outputDirectory>/</outputDirectory>
		</file>
		<file>
			<source>${basedir}/src/main/assembly/resources/ibridge.properties</source>
			<outputDirectory>/</outputDirectory>
		</file>
		<file>
			<source>${basedir}/src/main/resources/ibridge.xsd</source>
			<outputDirectory>/</outputDirectory>
		</file>
        <file>
            <source>${basedir}/src/main/resources/log4j2.xml</source>
            <outputDirectory>/</outputDirectory>
        </file>
		<file>
			<source>${basedir}/src/main/assembly/resources/version.properties</source>
			<outputDirectory>/</outputDirectory>
			<filtered>true</filtered>
		</file>
		<file>
			<source>${basedir}/src/main/assembly/resources/iBridge_manifest.txt</source>
			<outputDirectory>/</outputDirectory>
			<filtered>true</filtered>
		</file>
	</files>
</assembly>