<?xml version="1.0" encoding="UTF-8"?>
<beans xmlns="http://www.springframework.org/schema/beans"
	xmlns:xsi="http://www.w3.org/2001/XMLSchema-instance" xmlns:context="http://www.springframework.org/schema/context"
	xmlns:p="http://www.springframework.org/schema/p" xmlns:tx="http://www.springframework.org/schema/tx"
	xsi:schemaLocation="http://www.springframework.org/schema/beans 
           http://www.springframework.org/schema/beans/spring-beans-3.0.xsd
           http://www.springframework.org/schema/context
           http://www.springframework.org/schema/context/spring-context-3.0.xsd
           http://www.springframework.org/schema/tx
           http://www.springframework.org/schema/tx/spring-tx-3.0.xsd"
	default-autowire="constructor">

	<bean id="befFactory"
		class="com.ikea.ebccardpay1.cardpayment.bef.BefFactorySpringImpl" />

	<bean id="befConstants" class="com.ikea.ebccardpay1.cardpayment.bef.BefConstantsImpl" />

	<bean id="befReferenceCheck"
		class="com.ikea.ebccardpay1.cardpayment.bef.BefReferenceCheckImpl" />

	<bean id="befKpi" class="com.ikea.ebccardpay1.cardpayment.bef.BefKPIImpl" />

	<bean id="befExchangeRate"
		class="com.ikea.ebccardpay1.cardpayment.bef.BefExchangeRateImpl" />

	<bean id="befCountry" class="com.ikea.ebccardpay1.cardpayment.bef.BefCountryImpl" />

	<bean id="befCountrySetup"
		class="com.ikea.ebccardpay1.cardpayment.bef.BefCountrySetupImpl" />

	<bean id="befMainCurrency"
		class="com.ikea.ebccardpay1.cardpayment.bef.BefMainCurrencyImpl" />

	<bean id="befCampaign" class="com.ikea.ebccardpay1.cardpayment.bef.BefCampaignImpl" />

	<bean id="befAmount" class="com.ikea.ebccardpay1.cardpayment.bef.BefAmountImpl" />

	<bean id="befCard" class="com.ikea.ebccardpay1.cardpayment.bef.BefCardImpl" />

	<bean id="befCardNumber" class="com.ikea.ebccardpay1.cardpayment.bef.BefCardNumberImpl" />

	<bean id="befCardTypeConstant"
		class="com.ikea.ebccardpay1.cardpayment.bef.BefCardTypeConstantImpl" />

	<bean id="befSourceSystemConstant"
		class="com.ikea.ebccardpay1.cardpayment.bef.BefSourceSystemConstantImpl" />

	<bean id="befTransactionFilter"
		class="com.ikea.ebccardpay1.cardpayment.bef.BefTransactionFilterImpl" />

	<bean id="befTransaction" class="com.ikea.ebccardpay1.cardpayment.bef.BefTransactionImpl" />

	<bean id="befAuthorization"
		class="com.ikea.ebccardpay1.cardpayment.bef.BefAuthorizationImpl" />

	<bean id="befLifeCycle" class="com.ikea.ebccardpay1.cardpayment.bef.BefLifeCycleImpl" />

	<bean id="befRange" class="com.ikea.ebccardpay1.cardpayment.bef.BefRangeImpl" />

	<bean id="befCampaignLimitation"
		class="com.ikea.ebccardpay1.cardpayment.bef.BefCampaignLimitationImpl" />

	<bean id="befMassLoad" class="com.ikea.ebccardpay1.cardpayment.bef.BefMassLoadImpl" />

	<bean id="befReport" class="com.ikea.ebccardpay1.cardpayment.bef.BefReportImpl" />

	<bean id="befJobCreatorSchedule"
		class="com.ikea.ebccardpay1.cardpayment.bef.BefJobCreatorScheduleImpl" />

	<bean id="befIpayBusinessUnits"
		class="com.ikea.ebccardpay1.cardpayment.bef.BefIpayBusinessUnitsImpl" />

	<bean id="befSarecReport" class="com.ikea.ebccardpay1.cardpayment.bef.BefSarecReportImpl" />
	
	<bean id="befCnCardBatchJob" class="com.ikea.ebccardpay1.cardpayment.bef.BefCnCardBatchJobImpl" />
	
	<bean id="befCnCard" class="com.ikea.ebccardpay1.cardpayment.bef.BefCnCardImpl" />
	
	

</beans>
