<?xml version="1.0" encoding="UTF-8"?>
<beans xmlns="http://www.springframework.org/schema/beans"
	xmlns:xsi="http://www.w3.org/2001/XMLSchema-instance" xmlns:context="http://www.springframework.org/schema/context"
	xmlns:p="http://www.springframework.org/schema/p" xmlns:tx="http://www.springframework.org/schema/tx"
	xsi:schemaLocation="http://www.springframework.org/schema/beans 
           http://www.springframework.org/schema/beans/spring-beans-3.0.xsd
           http://www.springframework.org/schema/context
           http://www.springframework.org/schema/context/spring-context-3.0.xsd
           http://www.springframework.org/schema/tx
           http://www.springframework.org/schema/tx/spring-tx-3.0.xsd"
	default-autowire="constructor">


	<bean id="becFactory" class="com.ikea.ebccardpay1.cardpayment.bec.BecFactoryImpl" />

	<bean id="becKpi" class="com.ikea.ebccardpay1.cardpayment.bec.BecKPIImpl"
		scope="prototype" />

	<bean id="becCountry" class="com.ikea.ebccardpay1.cardpayment.bec.BecCountryImpl"
		scope="prototype" />

	<bean id="becCountries" class="com.ikea.ebccardpay1.cardpayment.bec.BecCountriesImpl"
		scope="prototype" />

	<bean id="becMainCurrencies"
		class="com.ikea.ebccardpay1.cardpayment.bec.BecMainCurrenciesImpl"
		scope="prototype" />

	<bean id="becMainCurrency"
		class="com.ikea.ebccardpay1.cardpayment.bec.BecMainCurrencyImpl"
		scope="prototype" />

	<bean id="becExchangeRates"
		class="com.ikea.ebccardpay1.cardpayment.bec.BecExchangeRatesImpl"
		scope="prototype" />

	<bean id="becExchangeRate"
		class="com.ikea.ebccardpay1.cardpayment.bec.BecExchangeRateImpl"
		scope="prototype" />

	<bean id="becCard" class="com.ikea.ebccardpay1.cardpayment.bec.BecCardImpl"
		scope="prototype" />

	<bean id="becCardNumber" class="com.ikea.ebccardpay1.cardpayment.bec.BecCardNumberImpl"
		scope="prototype" />

	<bean id="becCampaign" class="com.ikea.ebccardpay1.cardpayment.bec.BecCampaignImpl"
		scope="prototype" />

	<bean id="becCampaigns" class="com.ikea.ebccardpay1.cardpayment.bec.BecCampaignsImpl"
		scope="prototype" />

	<bean id="becProcessExpiredCrads"
		class="com.ikea.ebccardpay1.cardpayment.bec.BecProcessExpiredCradsImpl" />

	<bean id="becTransaction" class="com.ikea.ebccardpay1.cardpayment.bec.BecTransactionImpl"
		scope="prototype" />

	<bean id="becTransactions"
		class="com.ikea.ebccardpay1.cardpayment.bec.BecTransactionsImpl"
		scope="prototype" />

	<bean id="becRange" class="com.ikea.ebccardpay1.cardpayment.bec.BecRangeImpl"
		scope="prototype" />

	<bean id="becCampaignLimitation"
		class="com.ikea.ebccardpay1.cardpayment.bec.BecCampaignLimitationImpl"
		scope="prototype" />

	<bean id="becMassLoad" class="com.ikea.ebccardpay1.cardpayment.bec.BecMassLoadImpl"
		scope="prototype" />

	<bean id="becMassLoads" class="com.ikea.ebccardpay1.cardpayment.bec.BecMassLoadsImpl"
		scope="prototype" />

	<bean id="becReferenceCheck"
		class="com.ikea.ebccardpay1.cardpayment.bec.BecReferenceCheckImpl"
		scope="prototype" />

	<bean id="becSarecReport" class="com.ikea.ebccardpay1.cardpayment.bec.BecSarecReportImpl"
		scope="prototype" />

</beans> 
