<?xml version="1.0" encoding="UTF-8"?>
<beans xmlns="http://www.springframework.org/schema/beans"
	xmlns:xsi="http://www.w3.org/2001/XMLSchema-instance" xmlns:context="http://www.springframework.org/schema/context"
	xmlns:p="http://www.springframework.org/schema/p" xmlns:tx="http://www.springframework.org/schema/tx"
	xsi:schemaLocation="http://www.springframework.org/schema/beans 
           http://www.springframework.org/schema/beans/spring-beans-3.0.xsd
           http://www.springframework.org/schema/context
           http://www.springframework.org/schema/context/spring-context-3.0.xsd
           http://www.springframework.org/schema/tx
           http://www.springframework.org/schema/tx/spring-tx-3.0.xsd">

	<bean id="jobLauncher"
		class="org.springframework.batch.core.launch.support.SimpleJobLauncher">
		<property name="jobRepository" ref="jobRepository" />
	</bean>

	<bean id="jobRepository"
		class="org.springframework.batch.core.repository.support.JobRepositoryFactoryBean"
		p:dataSource-ref="dataSource" p:transactionManager-ref="transactionManager"
		p:isolationLevelForCreate="ISOLATION_DEFAULT">
		<property name="validateTransactionState" value="false" />
	</bean>

	<context:component-scan
		base-package="com.ikea.ebccardpaybatch1,com.ikea.ebccardpay1" />


	<bean
		class="org.springframework.batch.core.configuration.support.AutomaticJobRegistrar">
		<property name="applicationContextFactories">
			<bean
				class="org.springframework.batch.core.configuration.support.ClasspathXmlApplicationContextsFactoryBean">
				<property name="resources">
					<list>
						<value>classpath:/jobs/calculateKpiJob.xml</value>
						<value>classpath:/jobs/cancelUnAcknowledgedTransactionsJob.xml
						</value>
						<value>classpath:/jobs/deleteBatchLogJob.xml</value>
						<value>classpath:/jobs/deleteReferenceCheckJob.xml</value>
						<value>classpath:/jobs/processCampaignJob.xml</value>
						<value>classpath:/jobs/processMassLoadJob.xml</value>
						<value>classpath:/jobs/updateExchangeRateFromCbdJob.xml</value>
						<value>classpath:/jobs/weeklySalesReportJob.xml</value>
						<value>classpath:/jobs/retrieveSiteDataJob.xml</value>
						<value>classpath:/jobs/deleteSarecReportJob.xml</value>
						<value>classpath:/jobs/generateSarecReportJob.xml</value>
						<value>classpath:/jobs/expiredCardsJob.xml</value>
						<value>classpath:/jobs/expiredCampaignsJob.xml</value>
						<value>classpath:/jobs/ExpiredCardRedeemJob.xml</value>
						<value>classpath:/jobs/chinaBatchJob.xml</value>
						<!-- <value>classpath:/jobs/ExpiredCampaignRedeemJob.xml</value> -->
					</list>
				</property>
			</bean>
		</property>
		<property name="jobLoader">
			<bean
				class="org.springframework.batch.core.configuration.support.DefaultJobLoader"
				p:jobRegistry-ref="jobRegistry" />
		</property>
	</bean>
	<bean id="jobRegistry"
		class="org.springframework.batch.core.configuration.support.MapJobRegistry" />
</beans>