<?xml version="1.0" encoding="UTF-8"?>

<Model>
  <Ebcs>
    <Ebc name="EBCCARDPAYBATCH1">
      <Attributes>
        <Attribute stereotype="ebc"></Attribute>
      </Attributes>
    </Ebc>
  </Ebcs>
  <SimpleTypes>
    <Ebc name="EBCCARDPAYBATCH1">
    </Ebc>
  </SimpleTypes>
  <Classes>
    <Class stereotype="PrivilegeGroup" classification="business" ebc="EBCCARDPAYBATCH1" package="com.ikea.ebccardpaybatch1.privileges" name="PgCreateBatch">
      <Superclass>
      </Superclass>
      <Attributes>
        <Attribute optional="false" stereotype="" xsdbasetype="" array="false" includeincode="false" inherited="false" type="" navigable="true" name="PrCreateBatch" typeshortname="" component="EBCCARDPAYBATCH1"></Attribute>
      </Attributes>
      <TypesUsed>
      </TypesUsed>
      <Imports>
      </Imports>
    </Class>
    <Class stereotype="PrivilegeGroup" classification="business" ebc="EBCCARDPAYBATCH1" package="com.ikea.ebccardpaybatch1.privileges" name="PgRunBatch">
      <Superclass>
      </Superclass>
      <Attributes>
        <Attribute optional="false" stereotype="" xsdbasetype="" array="false" includeincode="false" inherited="false" type="" navigable="true" name="PrRunBatch" typeshortname="" component="EBCCARDPAYBATCH1"></Attribute>
      </Attributes>
      <TypesUsed>
      </TypesUsed>
      <Imports>
      </Imports>
    </Class>
    <Class stereotype="PrivilegeGroup" classification="business" ebc="EBCCARDPAYBATCH1" package="com.ikea.ebccardpaybatch1.privileges" name="PgWeeklySalesReport">
      <Superclass>
      </Superclass>
      <Attributes>
        <Attribute optional="false" stereotype="" xsdbasetype="" array="false" includeincode="false" inherited="false" type="" navigable="true" name="PrWeeklySalesReport" typeshortname="" component="EBCCARDPAYBATCH1"></Attribute>
      </Attributes>
      <TypesUsed>
      </TypesUsed>
      <Imports>
      </Imports>
    </Class>
    <Class stereotype="PrivilegeGroup" classification="business" ebc="EBCCARDPAYBATCH1" package="com.ikea.ebccardpaybatch1.privileges" name="PgCalculateKpi">
      <Superclass>
      </Superclass>
      <Attributes>
        <Attribute optional="false" stereotype="" xsdbasetype="" array="false" includeincode="false" inherited="false" type="" navigable="true" name="PrCalculateKpi" typeshortname="" component="EBCCARDPAYBATCH1"></Attribute>
      </Attributes>
      <TypesUsed>
      </TypesUsed>
      <Imports>
      </Imports>
    </Class>
    <Class stereotype="PrivilegeGroup" classification="business" ebc="EBCCARDPAYBATCH1" package="com.ikea.ebccardpaybatch1.privileges" name="PgGenerateSarecReport">
      <Superclass>
      </Superclass>
      <Attributes>
        <Attribute optional="false" stereotype="" xsdbasetype="" array="false" includeincode="false" inherited="false" type="" navigable="true" name="PrGenerateSarecReport" typeshortname="" component="EBCCARDPAYBATCH1"></Attribute>
      </Attributes>
      <TypesUsed>
      </TypesUsed>
      <Imports>
      </Imports>
    </Class>
    <Class stereotype="PrivilegeGroup" classification="business" ebc="EBCCARDPAYBATCH1" package="com.ikea.ebccardpaybatch1.privileges" name="PgChinaBatchJob">
      <Superclass>
      </Superclass>
      <Attributes>
        <Attribute optional="false" stereotype="" xsdbasetype="" array="false" includeincode="false" inherited="false" type="" navigable="true" name="PrChinaBatchJob" typeshortname="" component="EBCCARDPAYBATCH1"></Attribute>
      </Attributes>
      <TypesUsed>
      </TypesUsed>
      <Imports>
      </Imports>
    </Class>
    <Class stereotype="Privilege" classification="business" ebc="EBCCARDPAYBATCH1" package="com.ikea.ebccardpaybatch1" name="PrCreateBatch">
      <Superclass>
      </Superclass>
      <Attributes>
      </Attributes>
      <TypesUsed>
      </TypesUsed>
      <Imports>
      </Imports>
    </Class>
    <Class stereotype="Privilege" classification="business" ebc="EBCCARDPAYBATCH1" package="com.ikea.ebccardpaybatch1" name="PrRunBatch">
      <Superclass>
      </Superclass>
      <Attributes>
      </Attributes>
      <TypesUsed>
      </TypesUsed>
      <Imports>
      </Imports>
    </Class>
    <Class stereotype="Privilege" classification="business" ebc="EBCCARDPAYBATCH1" package="com.ikea.ebccardpaybatch1" name="PrWeeklySalesReport">
      <Superclass>
      </Superclass>
      <Attributes>
      </Attributes>
      <TypesUsed>
      </TypesUsed>
      <Imports>
      </Imports>
    </Class>
    <Class stereotype="Privilege" classification="business" ebc="EBCCARDPAYBATCH1" package="com.ikea.ebccardpaybatch1" name="PrCalculateKpi">
      <Superclass>
      </Superclass>
      <Attributes>
      </Attributes>
      <TypesUsed>
      </TypesUsed>
      <Imports>
      </Imports>
    </Class>
    <Class stereotype="Privilege" classification="business" ebc="EBCCARDPAYBATCH1" package="com.ikea.ebccardpaybatch1" name="PrGenerateSarecReport">
      <Superclass>
      </Superclass>
      <Attributes>
      </Attributes>
      <TypesUsed>
      </TypesUsed>
      <Imports>
      </Imports>
    </Class>
    <Class stereotype="Privilege" classification="business" ebc="EBCCARDPAYBATCH1" package="com.ikea.ebccardpaybatch1" name="PrChinaBatchJob">
      <Superclass>
      </Superclass>
      <Attributes>
      </Attributes>
      <TypesUsed>
      </TypesUsed>
      <Imports>
      </Imports>
    </Class>
    <Class stereotype="ValueObject" classification="business" ebc="EBCCARDPAYBATCH1" package="com.ikea.ebccardpaybatch1.external" name="VoStatus">
      <Superclass>
      </Superclass>
      <Attributes>
        <Attribute optional="false" stereotype="" xsdbasetype="int" array="false" includeincode="true" inherited="false" type="int" navigable="true" name="StatusCode" typeshortname="int" component=""></Attribute>
      </Attributes>
      <TypesUsed>
      </TypesUsed>
      <Imports>
      </Imports>
    </Class>
    <Class stereotype="VOCollection" classification="business" ebc="EBCCARDPAYBATCH1" package="com.ikea.ebccardpaybatch1.external" name="VoStatusList">
      <Superclass>
      </Superclass>
      <Attributes>
        <Attribute optional="false" stereotype="" xsdbasetype="" array="false" includeincode="true" inherited="false" type="com.ikea.ebccardpaybatch1.external.VoStatus" navigable="true" name="VoStatus" typeshortname="VoStatus" component="EBCCARDPAYBATCH1"></Attribute>
      </Attributes>
      <TypesUsed>
        <Type stereotype="" xsdbasetype="" type="com.ikea.ebccardpaybatch1.external.VoStatus" name="com.ikea.ebccardpaybatch1.external.VoStatus" directaccess="true" typeshortname="VoStatus" component="EBCCARDPAYBATCH1"></Type>
      </TypesUsed>
      <Imports>
        <Import value="com.ikea.ebccardpaybatch1.external" type="multi">
        </Import>
      </Imports>
    </Class>
    <Class stereotype="InterfaceValueObject" classification="business" ebc="EBCCARDPAYBATCH1" package="com.ikea.ebccardpaybatch1.client.vo" name="VoStatus">
      <Superclass>
      </Superclass>
      <Attributes>
        <Attribute optional="false" stereotype="" xsdbasetype="int" array="false" includeincode="true" inherited="false" type="int" navigable="true" name="StatusCode" typeshortname="int" component=""></Attribute>
      </Attributes>
      <TypesUsed>
      </TypesUsed>
      <Imports>
      </Imports>
    </Class>
    <Class stereotype="InterfaceVOCollection" classification="business" ebc="EBCCARDPAYBATCH1" package="com.ikea.ebccardpaybatch1.client.vo" name="VoStatusList">
      <Superclass>
      </Superclass>
      <Attributes>
        <Attribute optional="false" stereotype="" xsdbasetype="" array="false" includeincode="true" inherited="false" type="com.ikea.ebccardpaybatch1.client.vo.VoStatus" navigable="true" name="VoStatus" typeshortname="VoStatus" component="EBCCARDPAYBATCH1"></Attribute>
      </Attributes>
      <TypesUsed>
        <Type stereotype="" xsdbasetype="" type="com.ikea.ebccardpaybatch1.client.vo.VoStatus" name="com.ikea.ebccardpaybatch1.client.vo.VoStatus" directaccess="true" typeshortname="VoStatus" component="EBCCARDPAYBATCH1"></Type>
      </TypesUsed>
      <Imports>
        <Import value="com.ikea.ebccardpaybatch1.client.vo" type="multi">
        </Import>
      </Imports>
    </Class>
    <Class stereotype="ValueObject" classification="business" ebc="EBCCARDPAYBATCH1" package="com.ikea.ebccardpaybatch1.external" name="VoJobParam">
      <Superclass>
      </Superclass>
      <Attributes>
        <Attribute optional="false" stereotype="" xsdbasetype="string" array="false" includeincode="true" inherited="false" type="string" navigable="true" name="Name" typeshortname="string" component=""></Attribute>
        <Attribute optional="false" stereotype="" xsdbasetype="string" array="false" includeincode="true" inherited="false" type="string" navigable="true" name="Value" typeshortname="string" component=""></Attribute>
      </Attributes>
      <TypesUsed>
      </TypesUsed>
      <Imports>
      </Imports>
    </Class>
    <Class stereotype="VOCollection" classification="business" ebc="EBCCARDPAYBATCH1" package="com.ikea.ebccardpaybatch1.external" name="VoJobParamList">
      <Superclass>
      </Superclass>
      <Attributes>
        <Attribute optional="false" stereotype="" xsdbasetype="" array="false" includeincode="true" inherited="false" type="com.ikea.ebccardpaybatch1.external.VoJobParam" navigable="true" name="VoJobParam" typeshortname="VoJobParam" component="EBCCARDPAYBATCH1"></Attribute>
      </Attributes>
      <TypesUsed>
        <Type stereotype="" xsdbasetype="" type="com.ikea.ebccardpaybatch1.external.VoJobParam" name="com.ikea.ebccardpaybatch1.external.VoJobParam" directaccess="true" typeshortname="VoJobParam" component="EBCCARDPAYBATCH1"></Type>
      </TypesUsed>
      <Imports>
        <Import value="com.ikea.ebccardpaybatch1.external" type="multi">
        </Import>
      </Imports>
    </Class>
    <Class stereotype="InterfaceValueObject" classification="business" ebc="EBCCARDPAYBATCH1" package="com.ikea.ebccardpaybatch1.client.vo" name="VoJobParam">
      <Superclass>
      </Superclass>
      <Attributes>
        <Attribute optional="false" stereotype="" xsdbasetype="string" array="false" includeincode="true" inherited="false" type="string" navigable="true" name="Name" typeshortname="string" component=""></Attribute>
        <Attribute optional="false" stereotype="" xsdbasetype="string" array="false" includeincode="true" inherited="false" type="string" navigable="true" name="Value" typeshortname="string" component=""></Attribute>
      </Attributes>
      <TypesUsed>
      </TypesUsed>
      <Imports>
      </Imports>
    </Class>
    <Class stereotype="InterfaceVOCollection" classification="business" ebc="EBCCARDPAYBATCH1" package="com.ikea.ebccardpaybatch1.client.vo" name="VoJobParamList">
      <Superclass>
      </Superclass>
      <Attributes>
        <Attribute optional="false" stereotype="" xsdbasetype="" array="false" includeincode="true" inherited="false" type="com.ikea.ebccardpaybatch1.client.vo.VoJobParam" navigable="true" name="VoJobParam" typeshortname="VoJobParam" component="EBCCARDPAYBATCH1"></Attribute>
      </Attributes>
      <TypesUsed>
        <Type stereotype="" xsdbasetype="" type="com.ikea.ebccardpaybatch1.client.vo.VoJobParam" name="com.ikea.ebccardpaybatch1.client.vo.VoJobParam" directaccess="true" typeshortname="VoJobParam" component="EBCCARDPAYBATCH1"></Type>
      </TypesUsed>
      <Imports>
        <Import value="com.ikea.ebccardpaybatch1.client.vo" type="multi">
        </Import>
      </Imports>
    </Class>
    <Class stereotype="ValueObject" classification="business" ebc="EBCCARDPAYBATCH1" package="com.ikea.ebccardpaybatch1.external" name="VoJobOutput">
      <Superclass>
      </Superclass>
      <Attributes>
        <Attribute optional="false" stereotype="" xsdbasetype="string" array="false" includeincode="true" inherited="false" type="string" navigable="true" name="Status" typeshortname="string" component=""></Attribute>
        <Attribute optional="false" stereotype="" xsdbasetype="string" array="false" includeincode="true" inherited="false" type="string" navigable="true" name="Message" typeshortname="string" component=""></Attribute>
      </Attributes>
      <TypesUsed>
      </TypesUsed>
      <Imports>
      </Imports>
    </Class>
    <Class stereotype="VOCollection" classification="business" ebc="EBCCARDPAYBATCH1" package="com.ikea.ebccardpaybatch1.external" name="VoJobOutputList">
      <Superclass>
      </Superclass>
      <Attributes>
        <Attribute optional="false" stereotype="" xsdbasetype="" array="false" includeincode="true" inherited="false" type="com.ikea.ebccardpaybatch1.external.VoJobOutput" navigable="true" name="VoJobOutput" typeshortname="VoJobOutput" component="EBCCARDPAYBATCH1"></Attribute>
      </Attributes>
      <TypesUsed>
        <Type stereotype="" xsdbasetype="" type="com.ikea.ebccardpaybatch1.external.VoJobOutput" name="com.ikea.ebccardpaybatch1.external.VoJobOutput" directaccess="true" typeshortname="VoJobOutput" component="EBCCARDPAYBATCH1"></Type>
      </TypesUsed>
      <Imports>
        <Import value="com.ikea.ebccardpaybatch1.external" type="multi">
        </Import>
      </Imports>
    </Class>
    <Class stereotype="InterfaceValueObject" classification="business" ebc="EBCCARDPAYBATCH1" package="com.ikea.ebccardpaybatch1.client.vo" name="VoJobOutput">
      <Superclass>
      </Superclass>
      <Attributes>
        <Attribute optional="false" stereotype="" xsdbasetype="string" array="false" includeincode="true" inherited="false" type="string" navigable="true" name="Status" typeshortname="string" component=""></Attribute>
        <Attribute optional="false" stereotype="" xsdbasetype="string" array="false" includeincode="true" inherited="false" type="string" navigable="true" name="Message" typeshortname="string" component=""></Attribute>
      </Attributes>
      <TypesUsed>
      </TypesUsed>
      <Imports>
      </Imports>
    </Class>
    <Class stereotype="InterfaceVOCollection" classification="business" ebc="EBCCARDPAYBATCH1" package="com.ikea.ebccardpaybatch1.client.vo" name="VoJobOutputList">
      <Superclass>
      </Superclass>
      <Attributes>
        <Attribute optional="false" stereotype="" xsdbasetype="" array="false" includeincode="true" inherited="false" type="com.ikea.ebccardpaybatch1.client.vo.VoJobOutput" navigable="true" name="VoJobOutput" typeshortname="VoJobOutput" component="EBCCARDPAYBATCH1"></Attribute>
      </Attributes>
      <TypesUsed>
        <Type stereotype="" xsdbasetype="" type="com.ikea.ebccardpaybatch1.client.vo.VoJobOutput" name="com.ikea.ebccardpaybatch1.client.vo.VoJobOutput" directaccess="true" typeshortname="VoJobOutput" component="EBCCARDPAYBATCH1"></Type>
      </TypesUsed>
      <Imports>
        <Import value="com.ikea.ebccardpaybatch1.client.vo" type="multi">
        </Import>
      </Imports>
    </Class>
    <Class stereotype="BusinessTask" classification="business" ebc="EBCCARDPAYBATCH1" package="com.ikea.ebccardpaybatch1.external" name="BtRunBatch">
      <Superclass>
      </Superclass>
      <Attributes>
        <Attribute optional="false" stereotype="input" xsdbasetype="string" array="false" includeincode="true" inherited="false" type="string" navigable="true" name="Operation" typeshortname="string" component=""></Attribute>
        <Attribute optional="true" stereotype="input" xsdbasetype="" array="false" includeincode="true" inherited="false" type="com.ikea.ebccardpaybatch1.external.VoJobParamList" navigable="true" name="JobParamList" typeshortname="VoJobParamList" component="EBCCARDPAYBATCH1"></Attribute>
      </Attributes>
      <TypesUsed>
        <Type stereotype="input" xsdbasetype="" type="com.ikea.ebccardpaybatch1.external.VoJobParam" name="com.ikea.ebccardpaybatch1.external.VoJobParam" directaccess="false" typeshortname="VoJobParam" component="EBCCARDPAYBATCH1"></Type>
        <Type stereotype="input" xsdbasetype="" type="com.ikea.ebccardpaybatch1.external.VoJobParamList" name="com.ikea.ebccardpaybatch1.external.VoJobParamList" directaccess="true" typeshortname="VoJobParamList" component="EBCCARDPAYBATCH1"></Type>
      </TypesUsed>
      <Imports>
        <Import value="com.ikea.ebccardpaybatch1.external" type="multi">
        </Import>
      </Imports>
    </Class>
    <Class stereotype="BusinessService" classification="business" ebc="EBCCARDPAYBATCH1" package="com.ikea.ebccardpaybatch1.external" name="BsRunBatch">
      <Superclass>
      </Superclass>
      <Attributes>
        <Attribute optional="false" stereotype="input" xsdbasetype="string" array="false" includeincode="true" inherited="false" type="string" navigable="true" name="Operation" typeshortname="string" component=""></Attribute>
        <Attribute optional="true" stereotype="input" xsdbasetype="" array="false" includeincode="true" inherited="false" type="com.ikea.ebccardpaybatch1.client.vo.VoJobParamList" navigable="true" name="JobParamList" typeshortname="VoJobParamList" component="EBCCARDPAYBATCH1"></Attribute>
        <Attribute optional="false" stereotype="privilege" xsdbasetype="" array="false" includeincode="false" inherited="false" type="com.ikea.ebccardpaybatch1.PrRunBatch" navigable="true" name="PrRunBatch" typeshortname="PrRunBatch" component="EBCCARDPAYBATCH1"></Attribute>
      </Attributes>
      <TypesUsed>
        <Type stereotype="input" xsdbasetype="" type="com.ikea.ebccardpaybatch1.client.vo.VoJobParam" name="com.ikea.ebccardpaybatch1.client.vo.VoJobParam" directaccess="false" typeshortname="VoJobParam" component="EBCCARDPAYBATCH1"></Type>
        <Type stereotype="input" xsdbasetype="" type="com.ikea.ebccardpaybatch1.client.vo.VoJobParamList" name="com.ikea.ebccardpaybatch1.client.vo.VoJobParamList" directaccess="true" typeshortname="VoJobParamList" component="EBCCARDPAYBATCH1"></Type>
      </TypesUsed>
      <ServerImports>
        <Import value="com.ikea.ebccardpaybatch1.external" type="multi">
        </Import>
        <Import value="com.ikea.ebccardpaybatch1.external" type="multi">
        </Import>
      </ServerImports>
      <Imports>
        <Import value="com.ikea.ebccardpaybatch1.client.vo" type="multi">
        </Import>
      </Imports>
    </Class>
    <Class stereotype="BusinessTask" classification="business" ebc="EBCCARDPAYBATCH1" package="com.ikea.ebccardpaybatch1.external" name="BtCreateBatches">
      <Superclass>
      </Superclass>
      <Attributes>
        <Attribute optional="false" stereotype="output" xsdbasetype="" array="false" includeincode="true" inherited="false" type="com.ikea.ebccardpaybatch1.external.VoStatus" navigable="true" name="Status" typeshortname="VoStatus" component="EBCCARDPAYBATCH1"></Attribute>
      </Attributes>
      <TypesUsed>
        <Type stereotype="output" xsdbasetype="" type="com.ikea.ebccardpaybatch1.external.VoStatus" name="com.ikea.ebccardpaybatch1.external.VoStatus" directaccess="true" typeshortname="VoStatus" component="EBCCARDPAYBATCH1"></Type>
      </TypesUsed>
      <Imports>
        <Import value="com.ikea.ebccardpaybatch1.external" type="multi">
        </Import>
      </Imports>
    </Class>
    <Class stereotype="BusinessService" classification="business" ebc="EBCCARDPAYBATCH1" package="com.ikea.ebccardpaybatch1.external" name="BsCreateBatches">
      <Superclass>
      </Superclass>
      <Attributes>
        <Attribute optional="false" stereotype="output" xsdbasetype="" array="false" includeincode="true" inherited="false" type="com.ikea.ebccardpaybatch1.client.vo.VoStatus" navigable="true" name="Status" typeshortname="VoStatus" component="EBCCARDPAYBATCH1"></Attribute>
        <Attribute optional="false" stereotype="privilege" xsdbasetype="" array="false" includeincode="false" inherited="false" type="com.ikea.ebccardpaybatch1.PrCreateBatch" navigable="true" name="PrCreateBatch" typeshortname="PrCreateBatch" component="EBCCARDPAYBATCH1"></Attribute>
      </Attributes>
      <TypesUsed>
        <Type stereotype="output" xsdbasetype="" type="com.ikea.ebccardpaybatch1.client.vo.VoStatus" name="com.ikea.ebccardpaybatch1.client.vo.VoStatus" directaccess="true" typeshortname="VoStatus" component="EBCCARDPAYBATCH1"></Type>
      </TypesUsed>
      <ServerImports>
        <Import value="com.ikea.ebccardpaybatch1.external" type="multi">
        </Import>
        <Import value="com.ikea.ebccardpaybatch1.external" type="multi">
        </Import>
      </ServerImports>
      <Imports>
        <Import value="com.ikea.ebccardpaybatch1.client.vo" type="multi">
        </Import>
      </Imports>
    </Class>
    <Class stereotype="BusinessTask" classification="business" ebc="EBCCARDPAYBATCH1" package="com.ikea.ebccardpaybatch1.external" name="BtWeeklySalesReport">
      <Superclass>
      </Superclass>
      <Attributes>
      </Attributes>
      <TypesUsed>
      </TypesUsed>
      <Imports>
      </Imports>
    </Class>
    <Class stereotype="BusinessService" classification="business" ebc="EBCCARDPAYBATCH1" package="com.ikea.ebccardpaybatch1.external" name="BsWeeklySalesReport">
      <Superclass>
      </Superclass>
      <Attributes>
        <Attribute optional="false" stereotype="privilege" xsdbasetype="" array="false" includeincode="false" inherited="false" type="com.ikea.ebccardpaybatch1.PrWeeklySalesReport" navigable="true" name="PrWeeklySalesReport" typeshortname="PrWeeklySalesReport" component="EBCCARDPAYBATCH1"></Attribute>
      </Attributes>
      <TypesUsed>
      </TypesUsed>
      <ServerImports>
        <Import value="com.ikea.ebccardpaybatch1.external" type="multi">
        </Import>
      </ServerImports>
      <Imports>
      </Imports>
    </Class>
    <Class stereotype="BusinessTask" classification="business" ebc="EBCCARDPAYBATCH1" package="com.ikea.ebccardpaybatch1.external" name="BtCalculateKpi">
      <Superclass>
      </Superclass>
      <Attributes>
        <Attribute optional="false" stereotype="input" xsdbasetype="boolean" array="false" includeincode="true" inherited="false" type="boolean" navigable="true" name="OnlyYesterday" typeshortname="boolean" component=""></Attribute>
        <Attribute optional="false" stereotype="input" xsdbasetype="string" array="false" includeincode="true" inherited="false" type="string" navigable="true" name="KpiType" typeshortname="string" component=""></Attribute>
      </Attributes>
      <TypesUsed>
      </TypesUsed>
      <Imports>
      </Imports>
    </Class>
    <Class stereotype="BusinessService" classification="business" ebc="EBCCARDPAYBATCH1" package="com.ikea.ebccardpaybatch1.external" name="BsCalculateKpi">
      <Superclass>
      </Superclass>
      <Attributes>
        <Attribute optional="false" stereotype="input" xsdbasetype="boolean" array="false" includeincode="true" inherited="false" type="boolean" navigable="true" name="OnlyYesterday" typeshortname="boolean" component=""></Attribute>
        <Attribute optional="false" stereotype="input" xsdbasetype="string" array="false" includeincode="true" inherited="false" type="string" navigable="true" name="KpiType" typeshortname="string" component=""></Attribute>
        <Attribute optional="false" stereotype="privilege" xsdbasetype="" array="false" includeincode="false" inherited="false" type="com.ikea.ebccardpaybatch1.PrCalculateKpi" navigable="true" name="PrCalculateKpi" typeshortname="PrCalculateKpi" component="EBCCARDPAYBATCH1"></Attribute>
      </Attributes>
      <TypesUsed>
      </TypesUsed>
      <ServerImports>
        <Import value="com.ikea.ebccardpaybatch1.external" type="multi">
        </Import>
      </ServerImports>
      <Imports>
      </Imports>
    </Class>
    <Class stereotype="BusinessTask" classification="business" ebc="EBCCARDPAYBATCH1" package="com.ikea.ebccardpaybatch1.external" name="BtGenerateSarecReport">
      <Superclass>
      </Superclass>
      <Attributes>
        <Attribute optional="false" stereotype="input" xsdbasetype="boolean" array="false" includeincode="true" inherited="false" type="boolean" navigable="true" name="OnlyYesterday" typeshortname="boolean" component=""></Attribute>
      </Attributes>
      <TypesUsed>
      </TypesUsed>
      <Imports>
      </Imports>
    </Class>
    <Class stereotype="BusinessService" classification="business" ebc="EBCCARDPAYBATCH1" package="com.ikea.ebccardpaybatch1.external" name="BsGenerateSarecReport">
      <Superclass>
      </Superclass>
      <Attributes>
        <Attribute optional="false" stereotype="input" xsdbasetype="boolean" array="false" includeincode="true" inherited="false" type="boolean" navigable="true" name="OnlyYesterday" typeshortname="boolean" component=""></Attribute>
        <Attribute optional="false" stereotype="privilege" xsdbasetype="" array="false" includeincode="false" inherited="false" type="com.ikea.ebccardpaybatch1.PrGenerateSarecReport" navigable="true" name="PrGenerateSarecReport" typeshortname="PrGenerateSarecReport" component="EBCCARDPAYBATCH1"></Attribute>
      </Attributes>
      <TypesUsed>
      </TypesUsed>
      <ServerImports>
        <Import value="com.ikea.ebccardpaybatch1.external" type="multi">
        </Import>
      </ServerImports>
      <Imports>
      </Imports>
    </Class>
    <Class stereotype="BusinessTask" classification="business" ebc="EBCCARDPAYBATCH1" package="com.ikea.ebccardpaybatch1.external" name="BtChinaBatchJob">
      <Superclass>
      </Superclass>
      <Attributes>
        <Attribute optional="true" stereotype="input" xsdbasetype="" array="false" includeincode="true" inherited="false" type="com.ikea.ebccardpaybatch1.external.VoJobParamList" navigable="true" name="JobParamList" typeshortname="VoJobParamList" component="EBCCARDPAYBATCH1"></Attribute>
        <Attribute optional="false" stereotype="output" xsdbasetype="" array="false" includeincode="true" inherited="false" type="com.ikea.ebccardpaybatch1.external.VoJobOutput" navigable="true" name="JobOutput" typeshortname="VoJobOutput" component="EBCCARDPAYBATCH1"></Attribute>
      </Attributes>
      <TypesUsed>
        <Type stereotype="input" xsdbasetype="" type="com.ikea.ebccardpaybatch1.external.VoJobParam" name="com.ikea.ebccardpaybatch1.external.VoJobParam" directaccess="false" typeshortname="VoJobParam" component="EBCCARDPAYBATCH1"></Type>
        <Type stereotype="input" xsdbasetype="" type="com.ikea.ebccardpaybatch1.external.VoJobParamList" name="com.ikea.ebccardpaybatch1.external.VoJobParamList" directaccess="true" typeshortname="VoJobParamList" component="EBCCARDPAYBATCH1"></Type>
        <Type stereotype="output" xsdbasetype="" type="com.ikea.ebccardpaybatch1.external.VoJobOutput" name="com.ikea.ebccardpaybatch1.external.VoJobOutput" directaccess="true" typeshortname="VoJobOutput" component="EBCCARDPAYBATCH1"></Type>
      </TypesUsed>
      <Imports>
        <Import value="com.ikea.ebccardpaybatch1.external" type="multi">
        </Import>
      </Imports>
    </Class>
    <Class stereotype="BusinessService" classification="business" ebc="EBCCARDPAYBATCH1" package="com.ikea.ebccardpaybatch1.external" name="BsChinaBatchJob">
      <Superclass>
      </Superclass>
      <Attributes>
        <Attribute optional="true" stereotype="input" xsdbasetype="" array="false" includeincode="true" inherited="false" type="com.ikea.ebccardpaybatch1.client.vo.VoJobParamList" navigable="true" name="JobParamList" typeshortname="VoJobParamList" component="EBCCARDPAYBATCH1"></Attribute>
        <Attribute optional="false" stereotype="output" xsdbasetype="" array="false" includeincode="true" inherited="false" type="com.ikea.ebccardpaybatch1.client.vo.VoJobOutput" navigable="true" name="JobOutput" typeshortname="VoJobOutput" component="EBCCARDPAYBATCH1"></Attribute>
        <Attribute optional="false" stereotype="privilege" xsdbasetype="" array="false" includeincode="false" inherited="false" type="com.ikea.ebccardpaybatch1.PrChinaBatchJob" navigable="true" name="PrChinaBatchJob" typeshortname="PrChinaBatchJob" component="EBCCARDPAYBATCH1"></Attribute>
      </Attributes>
      <TypesUsed>
        <Type stereotype="input" xsdbasetype="" type="com.ikea.ebccardpaybatch1.client.vo.VoJobParam" name="com.ikea.ebccardpaybatch1.client.vo.VoJobParam" directaccess="false" typeshortname="VoJobParam" component="EBCCARDPAYBATCH1"></Type>
        <Type stereotype="input" xsdbasetype="" type="com.ikea.ebccardpaybatch1.client.vo.VoJobParamList" name="com.ikea.ebccardpaybatch1.client.vo.VoJobParamList" directaccess="true" typeshortname="VoJobParamList" component="EBCCARDPAYBATCH1"></Type>
        <Type stereotype="output" xsdbasetype="" type="com.ikea.ebccardpaybatch1.client.vo.VoJobOutput" name="com.ikea.ebccardpaybatch1.client.vo.VoJobOutput" directaccess="true" typeshortname="VoJobOutput" component="EBCCARDPAYBATCH1"></Type>
      </TypesUsed>
      <ServerImports>
        <Import value="com.ikea.ebccardpaybatch1.external" type="multi">
        </Import>
        <Import value="com.ikea.ebccardpaybatch1.external" type="multi">
        </Import>
      </ServerImports>
      <Imports>
        <Import value="com.ikea.ebccardpaybatch1.client.vo" type="multi">
        </Import>
      </Imports>
    </Class>
  </Classes>
</Model>
