<?xml version="1.0" encoding="UTF-8"?>
<beans xmlns="http://www.springframework.org/schema/beans"
	xmlns:xsi="http://www.w3.org/2001/XMLSchema-instance"
	xsi:schemaLocation="http://www.springframework.org/schema/beans
   http://www.springframework.org/schema/beans/spring-beans-4.3.xsd"
	default-autowire="constructor">



	<!-- Stateless Bec:s -->


	<bean id="becMultipleSingleLoads"
		class="com.ikea.ebccardpay1.cardpayment.bec.BecMultipleSingleLoadsImpl" />

	<!-- Stateful Bec:s -->
	<bean id="becMultipleSingleLoad"
		class="com.ikea.ebccardpay1.cardpayment.bec.BecMultipleSingleLoadImpl"
		scope="prototype" />

	<bean id="becSearchOrderImpl" class="com.ikea.ebccardpay1.cardpayment.bec.BecSearchOrderImpl"
		scope="prototype" />


	<bean id="becCard" class="com.ikea.ebccardpay1.cardpayment.bec.BecCardImpl"
		scope="prototype" />

	<bean id="becCardNumber" class="com.ikea.ebccardpay1.cardpayment.bec.BecCardNumberImpl"
		scope="prototype" />

	<bean id="becTransaction" class="com.ikea.ebccardpay1.cardpayment.bec.BecTransactionImpl"
		scope="prototype" />

	<bean id="becFactory" class="com.ikea.ebccardpay1.cardpayment.bec.BecFactoryImpl" />

	<bean id="becTransactions"
		class="com.ikea.ebccardpay1.cardpayment.bec.BecTransactionsImpl"
		scope="prototype" />

	<bean id="becMassLoad" factory-bean="becFactory" factory-method="createBecMassLoad"
		scope="prototype" />

	<bean id="becCampaign" factory-bean="becFactory" factory-method="createBecCampaign"
		scope="prototype" />

	<bean id="becUnacknowledgedTimeout"
		class="com.ikea.ebccardpay1.cardpayment.bec.BecUnacknowledgedTimeoutImpl"
		scope="prototype" />

</beans>
