<?xml version="1.0" encoding="UTF-8"?>
<beans xmlns="http://www.springframework.org/schema/beans"
       xmlns:xsi="http://www.w3.org/2001/XMLSchema-instance"
       xmlns:context="http://www.springframework.org/schema/context"
       xsi:schemaLocation="http://www.springframework.org/schema/beans
           http://www.springframework.org/schema/beans/spring-beans-4.3.xsd
           http://www.springframework.org/schema/context
           http://www.springframework.org/schema/context/spring-context-4.3.xsd" default-autowire="constructor">

	<bean id="befFactory" class="com.ikea.ebccardpay1.cardpayment.bef.BefFactorySpringImpl"/>

<!--     <bean id="befFactoryImpl" class="com.ikea.ebccardpay1.cardpayment.bef.BefFactoryImpl"/> -->
	<bean id="befActivation" class="com.ikea.ebccardpay1.cardpayment.bef.BefActivationImpl"/>


	
	<bean id="befAmount" class="com.ikea.ebccardpay1.cardpayment.bef.BefAmountImpl"/>
	
	<bean id="befAuthorization" class="com.ikea.ebccardpay1.cardpayment.bef.BefAuthorizationImpl"/>
	
	<bean id="befBonus" class="com.ikea.ebccardpay1.cardpayment.bef.BefBonusImpl"/>
	
	<bean id="befBonusCode" class="com.ikea.ebccardpay1.cardpayment.bef.BefBonusCodeImpl"/>
	
	<bean id="befCampaign" class="com.ikea.ebccardpay1.cardpayment.bef.BefCampaignImpl"/>
	
	<bean id="befCampaignLimitation" class="com.ikea.ebccardpay1.cardpayment.bef.BefCampaignLimitationImpl"/>
	
	<bean id="befCard" class="com.ikea.ebccardpay1.cardpayment.bef.BefCardImpl"/>
	
	<bean id="befCardNumber" class="com.ikea.ebccardpay1.cardpayment.bef.BefCardNumberImpl" />
	
	<bean id="befCardTypeConstant" class="com.ikea.ebccardpay1.cardpayment.bef.BefCardTypeConstantImpl"/>
	
	<bean id="befConstants" class="com.ikea.ebccardpay1.cardpayment.bef.BefConstantsImpl" />	

	<bean id="befCountry" class="com.ikea.ebccardpay1.cardpayment.bef.BefCountryImpl" />

	<bean id="befCountrySetup" class="com.ikea.ebccardpay1.cardpayment.bef.BefCountrySetupImpl" />
	
	<bean id="befExchangeModeConstant" class="com.ikea.ebccardpay1.cardpayment.bef.BefExchangeModeConstantImpl"/>

	<bean id="befExchangeRate" class="com.ikea.ebccardpay1.cardpayment.bef.BefExchangeRateImpl"/>

	<bean id="befExchangeRateSpread" class="com.ikea.ebccardpay1.cardpayment.bef.BefExchangeRateSpreadImpl"/>

	<bean id="befExternalCard" class="com.ikea.ebccardpay1.cardpayment.bef.BefExternalCardImpl"/>
	
	<bean id="befExternalCardSystem" class="com.ikea.ebccardpay1.cardpayment.bef.BefExternalCardSystemImpl"/>

	<bean id="befKpi" class="com.ikea.ebccardpay1.cardpayment.bef.BefKPIImpl"/>	
	
	<bean id="befLifeCycle" class="com.ikea.ebccardpay1.cardpayment.bef.BefLifeCycleImpl"/>
	
	<bean id="befMainCurrency" class="com.ikea.ebccardpay1.cardpayment.bef.BefMainCurrencyImpl"/>
	
	<bean id="befMassLoad" class="com.ikea.ebccardpay1.cardpayment.bef.BefMassLoadImpl"/>

	<bean id="befMultipleSingleLoad" class="com.ikea.ebccardpay1.cardpayment.bef.BefMultipleSingleLoadImpl"/>
	
	<bean id="befParameter" class="com.ikea.ebccardpay1.cardpayment.bef.BefParameterImpl"/>
	
	<bean id="befRange" class="com.ikea.ebccardpay1.cardpayment.bef.BefRangeImpl"/>
	
	<bean id="befReferenceCheck"
		class="com.ikea.ebccardpay1.cardpayment.bef.BefReferenceCheckImpl" />

	<bean id="befReport" class="com.ikea.ebccardpay1.cardpayment.bef.BefReportImpl"/>	
	
	<bean id="befSarecReport" class="com.ikea.ebccardpay1.cardpayment.bef.BefSarecReportImpl"/>
	
	<bean id="befSourceSystemConstant" class="com.ikea.ebccardpay1.cardpayment.bef.BefSourceSystemConstantImpl"/>
	
	<bean id="befTransactionFilter" class="com.ikea.ebccardpay1.cardpayment.bef.BefTransactionFilterImpl"/>
	
	<bean id="befTransaction" class="com.ikea.ebccardpay1.cardpayment.bef.BefTransactionImpl"/>
	
	<bean id="befIpayBusinessUnits" class="com.ikea.ebccardpay1.cardpayment.bef.BefIpayBusinessUnitsImpl"/>
	
	<bean id="befUnacknowledgedTimeout" class="com.ikea.ebccardpay1.cardpayment.bef.BefUnacknowledgedTimeoutImpl"/>
	
	<bean id="befExternalTempCard" class="com.ikea.ebccardpay1.cardpayment.bef.BefExternalTempCardImpl"/>
	
	<bean id="befReasonCodeTransaction" class="com.ikea.ebccardpay1.cardpayment.bef.BefReasonCodeTransactionImp"/>
	
	<bean id="befReasonCode" class="com.ikea.ebccardpay1.cardpayment.bef.BefReasonCodeImpl"/>
	
	<bean id="befBsLog" class="com.ikea.ebccardpay1.cardpayment.bef.BefBsLogImpl"/>
	
	<bean id="befCustomerType" class="com.ikea.ebccardpay1.cardpayment.bef.BefCustomerTypeImpl"/>
	
	<bean id="befMessage" class="com.ikea.ebccardpay1.cardpayment.bef.BefMessageImpl"/>
	
	<bean id="befReservedCardHistory" class="com.ikea.ebccardpay1.cardpayment.bef.BefReservedCardHistoryImpl"/>
	
</beans>
