<?xml version="1.0" encoding="UTF-8"?>
<beans xmlns="http://www.springframework.org/schema/beans"
	xmlns:xsi="http://www.w3.org/2001/XMLSchema-instance" xmlns:tx="http://www.springframework.org/schema/tx"
	xmlns:aop="http://www.springframework.org/schema/aop" xmlns:context="http://www.springframework.org/schema/context"
	xsi:schemaLocation="http://www.springframework.org/schema/beans 
           http://www.springframework.org/schema/beans/spring-beans-4.3.xsd
           http://www.springframework.org/schema/context
           http://www.springframework.org/schema/context/spring-context-4.3.xsd
           http://www.springframework.org/schema/tx
           http://www.springframework.org/schema/tx/spring-tx-4.3.xsd
           http://www.springframework.org/schema/aop 
           http://www.springframework.org/schema/aop/spring-aop-4.3.xsd"
	default-autowire="constructor">



	<bean id="countrySetupCacheFactory"
		class="com.ikea.ebccardpay1.cardpayment.utils.CountrySetupCacheFactory" />

	<bean id="countrySetupsCache" factory-bean="countrySetupCacheFactory"
		factory-method="build" />

	<bean id="unitsCacheFactory"
		class="com.ikea.ebccardpay1.cardpayment.utils.UnitsCacheFactory" />

	<bean id="unitsCache" factory-bean="unitsCacheFactory"
		factory-method="build" lazy-init="default" />


	<bean id="userEnvironmentCacheFactory"
		class="com.ikea.ebccardpay1.cardpayment.utils.UserEnvironmentCacheFactory" />

	<bean id="userEnvironmentCache" factory-bean="userEnvironmentCacheFactory"
		factory-method="build" lazy-init="default" />

</beans>

<!-- Lazy init in the unmigrated configuration was done as below: <bean id="unitsCache" 
	class="com.ikea.ebccardpay1.cardpayment.utils.UnitsCacheImpl" factory-method="getInstance" 
	lazy-init="default" /> <bean id="userEnvironmentCache" class="com.ikea.ebccardpay1.cardpayment.utils.UserEnvironmentCacheImpl" 
	factory-method="getInstance" lazy-init="default"/> -->
