<?xml version="1.0" encoding="UTF-8"?>
<beans xmlns="http://www.springframework.org/schema/beans"
	xmlns:xsi="http://www.w3.org/2001/XMLSchema-instance" xmlns:p="http://www.springframework.org/schema/p"
	xsi:schemaLocation="http://www.springframework.org/schema/beans
   http://www.springframework.org/schema/beans/spring-beans-4.1.xsd"
	default-autowire="constructor">
	<bean id="updatedHibernateInterceptor" class="com.ikea.mdsd.HibernateInterceptor" />

	<bean id="sessionFactory"
		class="org.springframework.orm.hibernate4.LocalSessionFactoryBean"
		p:dataSource-ref="dataSource">
		<property name="hibernateProperties">
			<props>
				<prop key="hibernate.dialect">org.hibernate.dialect.OracleDialect
				</prop>
				<prop key="hibernate.cache.provider_class">org.hibernate.cache.NoCacheProvider
				</prop>
				<prop key="hibernate.show_sql">false</prop>
				<prop key="hibernate.format_sql">false</prop>
				<prop key="hibernate.use_sql_comments">false</prop>
			</props>
		</property>
		<property name="entityInterceptor" ref="updatedHibernateInterceptor" />
		<property name="mappingResources">
			<list>
				<value>com/ikea/ebccardpay1/cardpayment/be/Activation.hbm.xml
				</value>
				<value>com/ikea/ebccardpay1/cardpayment/be/Amount.hbm.xml
				</value>
				<value>com/ikea/ebccardpay1/cardpayment/be/Authorization.hbm.xml
				</value>
				<value>com/ikea/ebccardpay1/cardpayment/be/Bonus.hbm.xml
				</value>
				<value>com/ikea/ebccardpay1/cardpayment/be/BonusCode.hbm.xml
				</value>
				<value>com/ikea/ebccardpay1/cardpayment/be/Campaign.hbm.xml
				</value>
				<value>
					com/ikea/ebccardpay1/cardpayment/be/CampaignLimitation.hbm.xml
				</value>
				<value>com/ikea/ebccardpay1/cardpayment/be/Card.hbm.xml
				</value>
				<value>com/ikea/ebccardpay1/cardpayment/be/CardNumber.hbm.xml
				</value>
				<value>com/ikea/ebccardpay1/cardpayment/be/CardTypeConstant.hbm.xml
				</value>
				<value>com/ikea/ebccardpay1/cardpayment/be/Country.hbm.xml
				</value>
				<value>com/ikea/ebccardpay1/cardpayment/be/CountrySetup.hbm.xml
				</value>
				<value>
					com/ikea/ebccardpay1/cardpayment/be/ExchangeModeConstant.hbm.xml
				</value>
				<value>com/ikea/ebccardpay1/cardpayment/be/ExchangeRate.hbm.xml
				</value>
				<value>com/ikea/ebccardpay1/cardpayment/be/ExchangeRateSpread.hbm.xml
				</value>
				<value>com/ikea/ebccardpay1/cardpayment/be/ExternalCard.hbm.xml
				</value>
				<value>
					com/ikea/ebccardpay1/cardpayment/be/ExternalCardSystem.hbm.xml
				</value>
				<value>com/ikea/ebccardpay1/cardpayment/be/JobCreatorSchedule.hbm.xml
				</value>
				<value>com/ikea/ebccardpay1/cardpayment/be/KPI.hbm.xml
				</value>
				<value>com/ikea/ebccardpay1/cardpayment/be/LifeCycle.hbm.xml
				</value>
				<value>com/ikea/ebccardpay1/cardpayment/be/MainCurrency.hbm.xml
				</value>
				<value>com/ikea/ebccardpay1/cardpayment/be/MassLoad.hbm.xml
				</value>
				<value>com/ikea/ebccardpay1/cardpayment/be/MultipleSingleLoad.hbm.xml
				</value>
				<value>com/ikea/ebccardpay1/cardpayment/be/Parameter.hbm.xml
				</value>
				<value>com/ikea/ebccardpay1/cardpayment/be/Range.hbm.xml
				</value>
				<value>com/ikea/ebccardpay1/cardpayment/be/ReferenceCheck.hbm.xml
				</value>
				<value>com/ikea/ebccardpay1/cardpayment/be/Report.hbm.xml
				</value>
				<value>
					com/ikea/ebccardpay1/cardpayment/be/SourceSystemConstant.hbm.xml
				</value>
				<value>com/ikea/ebccardpay1/cardpayment/be/Transaction.hbm.xml
				</value>
				<value>
					com/ikea/ebccardpay1/cardpayment/be/TransactionFilter.hbm.xml
				</value>
				<value>
					com/ikea/ebccardpay1/cardpayment/be/IpayBusinessunits.hbm.xml
				</value>
				<value>
					com/ikea/ebccardpay1/cardpayment/be/UnacknowledgedTimeout.hbm.xml
				</value>
				<value>
					com/ikea/ebccardpay1/cardpayment/be/IpaySarecReport.hbm.xml
				</value>
				<value>
					com/ikea/ebccardpay1/cardpayment/be/IpaySarecFTP.hbm.xml
				</value>
				<value>
					com/ikea/ebccardpay1/cardpayment/be/ExternalTempCard.hbm.xml
				</value>
				<value>
					com/ikea/ebccardpay1/cardpayment/be/CnCard.hbm.xml
				</value>
				<value>
					com/ikea/ebccardpay1/cardpayment/be/CnCardBatchJob.hbm.xml
				</value>
				<value>
					com/ikea/ebccardpay1/cardpayment/be/ReasonCode.hbm.xml
				</value>
				<value>
					com/ikea/ebccardpay1/cardpayment/be/ReasonCodeTransaction.hbm.xml
				</value>
				<value>
					com/ikea/ebccardpay1/cardpayment/be/BsLog.hbm.xml
				</value>
				<value>
					com/ikea/ebccardpay1/cardpayment/be/CustomerType.hbm.xml
				</value>
				<value>
					com/ikea/ebccardpay1/cardpayment/be/Message.hbm.xml
				</value>
				<value>
					com/ikea/ebccardpay1/cardpayment/be/ReservedCardHistory.hbm.xml
				</value>
			</list>
		</property>
	</bean>

</beans>