<?xml version="1.0" encoding="UTF-8"?>
<beans xmlns="http://www.springframework.org/schema/beans"
	xmlns:xsi="http://www.w3.org/2001/XMLSchema-instance"
	xsi:schemaLocation="http://www.springframework.org/schema/beans
   http://www.springframework.org/schema/beans/spring-beans-4.1.xsd"
	default-autowire="constructor">

	<bean id="utilsFactory" class="com.ikea.ebccardpay1.cardpayment.utils.UtilsFactoryImpl" />

	<bean id="constants" class="com.ikea.ebccardpay1.cardpayment.utils.ConstantsImpl" />

	<bean id="units" class="com.ikea.ebccardpay1.cardpayment.utils.UnitsImpl" />


	<bean id="ebcEnvironment"
		class="com.ikea.ebccardpay1.cardpayment.utils.EbcEnvironmentImpl"
		lazy-init="default" />

	<bean id="countrySetups"
		class="com.ikea.ebccardpay1.cardpayment.utils.CountrySetupsImpl" />

	<bean id="currencies" class="com.ikea.ebccardpay1.cardpayment.utils.CurrenciesImpl" />

	<bean id="priorityEvaluator"
		class="com.ikea.ebccardpay1.cardpayment.utils.DefaultPriorityEvaluator" />
		
	<bean id="encryptionDecryption"
		class="com.ikea.ebccardpay1.cardpayment.utils.EncryptionDecryptionImp" />

<bean id="publisher"
		class="com.ikea.ebccardpay1.cardpayment.utils.PublisherImpl" />

</beans>
