<?xml version="1.0" encoding="UTF-8"?>

<countries>
	<country code="UK" currency="GBP"/>
	<country code="CZ" currency="CZK"/>
	<country code="IT" currency="EUR"/>
	<country code="PT" currency="EUR"/>
	<country code="RU" currency="RUB"/>
	<country code="SK" currency="EUR"/>
	<country code="PL" currency="PLN"/>
	<country code="AU" currency="AUD"/>
	<country code="CN" currency="CNY"/>
	<country code="NL" currency="EUR"/>
	<country code="CA" currency="CAD"/>
	<country code="US" currency="USD"/>
	<country code="AT" currency="EUR"/>
	<country code="BE" currency="EUR"/>
	<country code="FR" currency="EUR"/>
	<country code="ES" currency="EUR"/>
	<country code="DE" currency="EUR"/>
	<country code="FI" currency="EUR"/>
	<country code="SE" currency="SEK"/>
	<country code="NO" currency="NOK"/>
	<country code="DK" currency="DKK"/>
	<country code="CH" currency="CHF"/>
	<country code="IE" currency="EUR"/>
	<country code="HU" currency="HUF" decimals="0"/>
	<country code="JP" currency="JPY" decimals="0"/>
	<country code="HR" currency="HRK"/>
	<country code="KR" currency="KRW" decimals="0"/>
	<country code="RO" currency="RON"/>
	<country code="IN" currency="INR"/>
	<country code="RS" currency="RSD"/>
</countries>
