<?xml version="1.0" encoding="UTF-8"?>
<Configuration monitorInterval="30">
	<Appenders>
		<Console name="Console" target="SYSTEM_OUT">
			<PatternLayout
				pattern="%d{yyyy-MMM-dd HH:mm:ss a} [%t] %-5level %logger{36} - %msg%n" />
		</Console>

		<RollingFile name="auditfile">
			<FileName>../log/auditfile.log</FileName>
			<FilePattern>../log/auditfile.log.%d{yyyy-MM-dd-hh-mm}
			</FilePattern>
			<PatternLayout>
				<Pattern>%d{HH:mm:ss,SSS} %-5p (%.7t) [%c - %L] %m%n</Pattern>
			</PatternLayout>
			<Policies>
				<OnStartupTriggeringPolicy />
				<SizeBasedTriggeringPolicy size="20 MB" />
				<TimeBasedTriggeringPolicy />
			</Policies>
			<DefaultRolloverStrategy max="5" />
		</RollingFile>
		<RollingFile name="logfile">
			<FileName>../log/ibridgefile.log</FileName>
			<FilePattern>../log/ibridgefile.log.%d{yyyy-MM-dd-hh-mm}
			</FilePattern>
			<PatternLayout>
				<Pattern>%d{HH:mm:ss,SSS} %-5p (%.7t) [%c - %L] %m%n</Pattern>
			</PatternLayout>
			<Policies>
				<OnStartupTriggeringPolicy />
				<SizeBasedTriggeringPolicy size="20 MB" />
				<TimeBasedTriggeringPolicy />
			</Policies>
			<DefaultRolloverStrategy max="5" />
		</RollingFile>
	</Appenders>

	<Loggers>
		<logger name="com.ikea.framework" level="info">
			<AppenderRef ref="logfile" />
		</logger>
		<logger name="com.ikea.ibridge.Audit" level="info">
			<AppenderRef ref="auditfile" />
		</logger>
		<logger name="com.ikea.ibridge.configuration" level="info">
		</logger>
		<logger name="com.ikea.ibridge.exception" level="info">
		</logger>
		<logger name="com.ikea.ibridge.IBridge" level="info">
			<AppenderRef ref="logfile" />
		</logger>
		<logger name="com.ikea.ibridge.operation" level="info">
			<AppenderRef ref="Console" />
		</logger>
		<logger name="com.ikea.ibridge.persistent" level="info">
		</logger>
		<logger name="com.ikea.ibridge.request" level="info">
			<AppenderRef ref="Console" />
		</logger>
		<logger name="com.ikea.ibridge.response" level="info">
			<AppenderRef ref="Console" />
		</logger>
		<logger name="com.ikea.ibridge.service" level="info">
		</logger>
		<logger name="com.ikea.ibridge.utils" level="info">
		</logger>
		<logger name="org.springframework" level="info">
		</logger>
	</Loggers>
</Configuration>