<?xml version="1.0" encoding="UTF-8"?>
<Configuration monitorInterval="30">
	<Appenders>
		<Console name="Console" target="SYSTEM_OUT">
			<PatternLayout
				pattern="%d{yyyy-MMM-dd HH:mm:ss a} [%t] %-5level %logger{36} - %msg%n" />
		</Console>

		<RollingFile name="auditfile">
			<FileName>../log/auditfile.log</FileName>
			<FilePattern>../log/auditfile.log.%d{yyyy-MM-dd-hh-mm}
			</FilePattern>
			<PatternLayout>
				<Pattern>%d{HH:mm:ss,SSS} %-5p (%.6t) [%c - %L] %m%n</Pattern>
			</PatternLayout>
			<Policies>
				<SizeBasedTriggeringPolicy size="20 MB" />
			</Policies>
			<DefaultRolloverStrategy max="5" />
		</RollingFile>
		<RollingFile name="logfile">
			<FileName>../log/iPayExchange.log</FileName>
			<FilePattern>../log/iPayExchange.log.%d{yyyy-MM-dd-hh-mm}
			</FilePattern>
			<PatternLayout>
				<Pattern>%d{HH:mm:ss,SSS} %-5p (%.6t) [%c - %L] %m%n</Pattern>
			</PatternLayout>
			<Policies>
				<SizeBasedTriggeringPolicy size="20 MB" />
			</Policies>
			<DefaultRolloverStrategy max="5" />
		</RollingFile>
	</Appenders>

	<Loggers>
		<logger name="com.ikea" level="warn">
			<AppenderRef ref="logfile" />
		</logger>
		<logger name="com.ikea.exchange" level="info">
			<AppenderRef ref="auditfile" />
		</logger>
		<logger name="com.ikea.exchange.service.ChinaEncryptionServiceImpl"
			level="info">
			<AppenderRef ref="auditfile" />
		</logger>
		<logger name="com.ikea.exchange.service.ChinaEncryptionServiceHandler"
			level="info">
			<AppenderRef ref="auditfile" />
		</logger>
		<logger name="org.springframework" level="info">
			<AppenderRef ref="logfile" />
		</logger>
	</Loggers>
</Configuration>